Feature_1,Feature_2,Feature_3,Feature_4,class
1.4541808025824956,1.6403644127335868,0.5132729929831352,1.7108347380755813,0
1.6885367454005615,1.8886046140017096,1.2255655181957803,1.342086356755631,0
2.5141707655779806,1.4543675271231566,2.981956017655269,1.2289819154642454,0
6.897294865923657,6.743871358031548,6.291526937317883,6.089828830473827,2
6.844683769536834,6.455461802775042,6.596260068602168,7.415465174204166,0
8.277071336395654,7.0211581311830376,6.51019214440519,7.117688950903822,0
2.1293888021227554,1.6398698737047233,2.048861459493013,1.7880775217260318,0
7.469086841628103,6.322568937269662,6.632835813604158,7.269156008675355,0
7.211986464457377,6.249331854168818,7.646818913444831,6.898303824956356,2
2.406683776047254,1.4857054661502305,1.2503752513572213,2.265359828383752,1
1.8358307015944455,1.2513300908210905,3.1426879127521445,1.213422242121652,0
6.649156207798916,6.533017164758612,7.137091678568377,6.4618949723117325,0
6.627119695527846,6.671884635255765,6.977072710848801,6.701116375876429,0
2.53652062684222,2.488105781600383,2.91383516500803,2.0115521128980176,0
7.33647836330493,6.56455371210792,7.130736735133955,6.584539387205672,0
5.646745884875581,8.017873820974023,7.147712227041833,6.946807788471284,0
1.6932442872368685,2.65337035818042,2.044996013366824,1.4072403721388815,0
5.843831838212219,7.89762658689351,7.45805595944784,6.969428430999249,0
2.405677881083901,2.377007305558568,1.99142725900716,1.5065100956827926,0
2.756056438900724,2.0061398366117524,1.3129439442664343,2.2541569108447987,1
6.325789999687803,6.885796793149835,6.38706722263067,6.239460147969616,2
2.5281417845562286,2.813744017142494,1.9495929148937663,2.551943093840613,0
7.311336886735154,7.200197263172169,7.726277960980529,6.719490980629889,0
2.943243345066777,2.5755624956511243,3.507227720258089,1.5779588404115727,0
1.397495193474246,1.96428478636292,-0.2688871380483508,1.4365867972661406,0
1.4848615200187445,1.9311581351198608,2.35349109528632,2.476165356793567,0
1.4634268220848674,1.807168495008204,2.289052017992937,1.689951495957814,0
1.7139710836469606,2.078444346371654,3.0088913023462807,1.210275816851308,0
7.602015405895567,8.145649984282079,6.021002698326601,7.309633080179814,0
7.168819626118963,6.457410024937355,7.4470147211441615,6.086163965752072,2
2.135761336753091,0.8241979256721348,1.070269765771099,2.108273679728018,0
1.9767130745785315,2.9387861934884034,0.1661784271371791,2.452046377406373,0
3.5045280683377804,0.8796408844449513,2.480382133262159,1.1130062708456916,0
1.4611532429006528,1.6638913758818183,2.523105523586284,2.335703645988405,0
7.492042600819479,6.446700805493425,7.608724144073962,7.745600822342723,2
8.00824878408964,7.069404780575715,7.825508028844679,7.03713516477556,2
7.543199872842342,6.322175887205429,7.370862924540698,7.792862741361845,2
7.241244817691351,6.637608887970508,7.0606128512310296,6.914377520534356,0
7.009054039743415,6.985524947733998,7.1386593325374985,6.920601773441832,0
1.986413963923304,2.0703964299852693,2.894365427051897,1.6746357361402937,0
2.4432694313417267,1.8138399460439265,2.2269164467419094,1.9284213200977736,0
6.95439228755188,6.003423439890405,7.30073275339281,7.114228227939711,0
1.557983930973981,2.1393522182966023,2.205150731309077,1.6071067200854976,0
2.1924781800919746,2.1566331633079336,2.0035794196497227,1.870977076643669,0
8.096642062797168,7.52898385416967,6.994419151078368,7.813969276389514,0
7.115505650606615,6.198793384773939,7.266138495704174,7.335822159906103,0
1.977437349691592,1.2987931774282808,2.7999759701605145,2.413563167977726,0
2.0565805943548114,1.8205955897204795,2.0642325435748514,0.906837096969509,0
7.212502792946705,6.868539682714681,7.580583906828442,5.783875580045663,2
1.6938251013480905,2.1392299624145816,0.9863409609518732,1.2258949240928945,0
6.930430266029537,6.378854606548376,6.612445486256973,6.341167159076133,2
6.297308837060067,7.369561364166558,7.415170880577868,6.8297494583773055,0
2.9526716997990103,1.8645342197080783,2.0472697432815465,1.2163884975825987,0
6.577082330070812,6.707724769741183,6.585324253032792,6.524805076676101,0
6.655174254053157,6.654509055613192,6.807463811993849,5.733943359395428,2
1.6169129079862623,2.509761258212615,2.249910840175533,1.6188997226066402,0
7.1883536569826685,8.245240479187263,7.609787292402185,6.820687057307687,0
1.1418484154365824,3.098875259512612,2.8256080845049008,1.7419533913424123,0
7.46212397933227,7.266557986891624,6.747323683926644,7.637631391850336,0
1.5065637699900962,2.0902362718857246,2.2392291830440114,3.0318939615687377,0
6.278125700447212,8.051362266054173,7.654974875203223,7.699355302246787,0
2.6177754948209326,1.6538578066025582,1.3711097300561494,2.270555544328578,1
2.381457110970176,3.314273375485987,1.306624572408518,1.6885362487184754,0
2.2233518882195,0.9421759067823596,2.2268587785763563,1.788204745771026,0
2.147848957492684,2.784285652569457,0.8747617358071409,2.1015486221927677,0
7.374762025986248,7.186750092726122,9.155216565918666,7.615766201289017,0
1.8404977245981344,1.5477583013855063,1.3773398992621335,1.5513043432690088,0
7.320656635572578,7.110901674216924,6.39914955387315,7.385170433674945,0
2.337575234256762,2.9196433478015464,1.9238678960802,2.2209414471544178,0
5.393431074917261,6.521862846717714,7.403950489026378,6.888325037676354,0
1.1045149108278909,1.4373049760509264,2.3605246870460617,2.2825822730017147,0
7.031539058164138,6.501429930153377,7.189319778045888,6.972369039802975,0
6.84989255536436,7.417723818888051,8.294269266461741,7.619610766251267,0
2.626194484008809,2.2476685561618988,2.575442111996143,3.043236140459671,1
6.015125809570941,7.820124560466715,8.151477399450899,6.863030178243992,0
6.3592780698818965,7.302427909310706,6.628819667139291,6.563919942255711,0
1.895164287417094,2.242430514088723,3.3203301308473714,2.096017797057512,0
6.683055954352879,6.740465087308228,7.276116499664807,6.768458535548856,0
5.963622021783661,6.640374986227736,7.003670589802728,7.025839326570608,0
6.152094824671845,7.401803529298023,7.256618772267794,6.483066117519955,0
1.694841649142281,2.3255360261515787,1.6756076150312764,1.7438486355363587,0
2.3556132977605246,1.878684408539664,1.8476231577409457,2.6043272685929546,1
1.854749189538197,2.428400296455256,2.331266337201481,1.95994409803872,0
6.602513428055234,6.156003341891067,6.353736727722367,6.256573466911016,2
7.7470276620856895,6.578094144924467,6.975508056652127,7.97394034959953,0
1.4655567428818197,2.146212326895147,2.171476599776106,1.7211812535458786,0
6.840267008344136,6.836365858151398,5.1121793499409005,6.970137823415203,0
2.1689238162614752,2.4690937230663863,1.1341345023853426,1.273748862803648,0
6.625835412945447,7.073205888787217,8.792059176788156,6.947167055151443,0
1.2198073354137455,1.799299258495431,1.6675382821873308,1.6406689220844584,0
1.6556558675514248,2.307960459868013,2.067954284543628,2.532754744793089,0
7.780789049406565,6.755154776187069,5.573312825375503,6.445552528995428,0
6.707457443538492,7.373709959408499,6.252665699432184,6.921691283238289,0
1.3095025860780318,2.284155458381109,1.3564030360363375,2.8524639227596467,0
1.038960706261172,1.5680934749631747,1.6775528603281489,2.581417224420404,0
6.527360835713836,6.851488818669097,6.947896599629968,7.341369653652872,0
7.535060879575244,7.043990780313043,6.097027370181262,6.287706675365011,0
1.646151229058631,2.06655355382592,1.194304495804388,2.20663391009012,0
2.1674077539697967,1.9553324505403,0.6568601492906709,1.9854173685029308,0
6.916853565537502,6.426675735639744,5.875487575819699,7.111904999726972,0
1.3416597717826244,2.188548399557164,1.3643831471351524,1.2232329642655897,0
2.0647733873069667,1.6979146075302805,0.9145355982537072,2.037709636143315,0
5.783985251333194,6.789091909575215,7.012892865432686,7.922040521751406,0
7.220022664871369,6.750827251659519,7.4429473062744,8.248881071792418,2
8.05860010462134,6.171939125071066,5.807632292451392,6.96944876560686,0
7.153149462770568,7.46251911633218,5.964989627954111,7.629064723763811,0
2.480003276997017,2.1028209687139823,1.9190462023282315,1.8343929674258912,0
3.1475452561827133,2.242989026576573,1.1173812319654686,2.504824070880127,1
6.665986503731149,6.364471886866629,6.95612463190878,7.5253282762756815,0
7.118213065788022,7.148932351780202,6.678447370321829,6.532585596794364,0
6.536650241259843,7.0638581366151385,6.821515947805401,7.827196143720479,0
2.3228641994573014,1.917041419297289,2.4533819766704847,2.837666421024414,1
7.176526244176992,6.233950854507814,6.243260421714217,7.579234069333097,0
7.181979607107883,6.324706571620975,8.712026385731779,7.071071650086375,0
2.0737862744133118,2.397278404712628,3.1102117713017465,1.319201475645233,0
7.050289399970952,6.483229479203041,8.06618685408876,7.296400524026562,0
2.8234922469713046,1.5753983206287316,2.31067359970236,2.4260487293861352,1
2.0084512297206394,2.87212044629439,1.8147402167334308,3.496093041624291,0
6.82522235113936,6.336084454754998,8.801351862274903,7.032570138707968,0
2.039149636461667,3.4779452674911715,1.8653473246532144,2.165851038283487,0
1.366456914352241,2.472250762245471,2.811016905305183,1.5486247249065592,0
6.824885557611037,7.430525353477577,8.05164993646722,7.040752129230876,0
6.486191603960547,7.282881014281598,8.317417147532524,7.739981025385238,0
8.035571307315609,6.693270594141289,6.307276625818993,6.9308171939451935,0
1.0800090176672308,1.7476128063407843,1.7600998384312614,1.5587475019281096,0
1.543665488979721,1.8034027120413392,1.7255242928074896,1.1950667785273348,0
7.166419327304019,7.589614590367308,8.165832111123803,7.557903535759972,0
7.539718280753759,6.48634970445468,7.050096366053575,6.737288404279186,0
1.3460887020251937,1.2714868323273607,2.810677611450048,2.4354144816796146,0
3.212753432244092,2.2842997525470725,1.166087551958146,2.3611044847486062,1
6.777253063847773,6.777135480402525,6.014741813697525,6.572200821825018,0
1.449584083255537,1.0910916651884812,1.6874395335530852,2.4710193368779096,0
2.567008413868441,2.110005203443011,3.5328620532523702,1.5554359430546667,0
7.07110661649318,7.435459974339215,7.336706462215699,7.123136213353522,0
1.9498838888808323,2.2046911848899864,2.193683559531013,2.454950786969813,0
7.759058340078875,7.152652505980728,7.236321863452641,6.773467668632643,2
2.1572754765179223,0.8520318532053213,0.7925575172408772,1.690741858917465,0
8.339486151173292,8.053204505465922,6.825725096064649,7.534364023024896,0
2.620101146270581,2.390834750783479,1.779311528751758,2.4174330712712973,0
