,target
0,9.015000000000004
1,-0.4600000000000004
2,-0.27000000000000046
3,7.895000000000002
4,2.0000000000000004
5,4.830000000000002
6,-2.0950000000000006
7,1.8650000000000013
8,0.5000000000000007
9,4.580000000000003
10,5.750000000000002
11,-1.660000000000001
12,1.5650000000000002
13,1.8850000000000002
14,-1.4450000000000007
15,-3.9750000000000014
16,0.825
17,8.985000000000003
18,-6.060000000000004
19,-5.035000000000003
20,0.1749999999999996
21,-2.21
22,4.380000000000001
23,12.950000000000006
24,3.000000000000001
25,-5.800000000000002
26,-2.505000000000001
27,4.750000000000002
28,-1.6400000000000015
29,-6.845000000000002
30,-0.9200000000000008
31,3.1750000000000025
32,-5.815000000000002
33,10.355000000000002
34,-0.6299999999999999
35,-0.98
36,-2.0850000000000017
37,3.435000000000001
38,-0.06500000000000039
39,2.1450000000000005
40,3.580000000000001
41,5.335000000000002
42,-2.2300000000000004
43,0.48500000000000076
44,4.295000000000002
45,-8.350000000000003
46,-5.185000000000001
47,-0.8499999999999996
48,1.8750000000000002
49,4.025000000000001
50,5.075000000000001
51,-5.120000000000002
52,-0.12000000000000055
53,-2.7250000000000014
54,6.680000000000002
55,0.09000000000000075
56,6.100000000000001
57,4.940000000000001
58,6.540000000000003
59,7.730000000000003
60,0.20500000000000052
61,-0.5450000000000008
62,1.255
63,-1.1749999999999998
64,4.040000000000001
65,-8.695000000000004
66,0.3199999999999994
67,-3.9000000000000012
68,-0.5149999999999997
69,-6.3050000000000015
70,-3.120000000000001
71,4.195000000000002
72,-8.400000000000004
73,-3.0250000000000004
74,-4.855000000000001
75,1.015000000000001
76,3.5150000000000015
77,4.230000000000002
78,-14.610000000000005
79,2.3950000000000014
80,10.055000000000005
81,-7.555000000000003
82,-1.2100000000000013
83,-0.4250000000000007
84,10.515000000000006
85,3.650000000000002
86,-1.3200000000000003
87,4.6750000000000025
88,10.940000000000007
89,-2.2600000000000007
90,2.9100000000000006
91,-2.2250000000000014
92,-7.420000000000002
93,0.9149999999999998
94,-13.190000000000003
95,-3.4650000000000007
96,3.0000000000000018
97,-0.7300000000000009
98,-0.4149999999999996
99,-2.2950000000000017
100,-4.010000000000002
101,1.6400000000000012
102,1.7650000000000001
103,10.865000000000004
104,2.8000000000000016
105,-1.6900000000000004
106,-7.625000000000002
107,5.635000000000002
108,4.455000000000002
109,4.910000000000001
110,-0.20000000000000062
111,-6.370000000000001
112,8.900000000000002
113,-9.450000000000005
114,0.0699999999999994
115,1.7850000000000013
116,2.375000000000001
117,9.770000000000003
118,7.160000000000004
119,-5.505000000000002
120,-3.415000000000001
121,1.33
122,6.625000000000002
123,7.255000000000002
124,-1.9150000000000018
125,-2.070000000000001
126,-0.620000000000001
127,7.835000000000003
128,12.455000000000007
129,-0.5450000000000008
130,7.340000000000003
131,2.755000000000001
132,-3.045000000000001
133,-8.230000000000002
134,8.955000000000004
135,4.365000000000002
136,-4.985000000000003
137,5.865000000000002
138,2.3400000000000003
139,-2.905000000000002
140,10.670000000000005
141,2.3050000000000006
142,-7.005000000000003
143,-3.7600000000000007
144,2.095
145,-2.8500000000000014
146,10.940000000000003
147,3.830000000000001
148,-1.58
149,-9.595000000000004
150,3.9300000000000015
151,4.510000000000002
152,-3.1450000000000014
153,-0.13499999999999934
154,3.545000000000001
155,0.3349999999999995
156,-2.0500000000000007
157,5.850000000000003
158,1.2999999999999998
159,0.6200000000000008
160,2.5200000000000014
161,4.725000000000001
162,-7.025000000000002
163,-0.705000000000001
164,4.100000000000001
165,0.33500000000000063
166,2.290000000000002
167,6.240000000000002
168,-1.42
169,8.860000000000003
170,3.325000000000001
171,-6.435000000000004
172,-3.5100000000000007
173,-2.575000000000001
174,-5.815000000000002
175,2.1200000000000006
176,-2.8850000000000016
177,-1.745
178,-4.840000000000002
179,0.2950000000000006
180,-5.775000000000004
181,1.5500000000000003
182,1.9250000000000014
183,-2.8150000000000013
184,-1.9850000000000003
185,-14.210000000000006
186,-8.040000000000003
187,4.750000000000002
188,-0.8049999999999997
189,3.770000000000001
190,0.010000000000000675
191,3.045000000000001
192,2.6050000000000004
193,-5.195000000000003
194,1.5750000000000002
195,-6.140000000000002
196,1.0299999999999998
197,-5.230000000000002
198,-5.490000000000004
199,-2.3550000000000013
