id,sequence
0,121203311
1,1130220331
2,2120331
3,13122003311
4,2033
5,202113302120313
6,0212130203312021133
7,220112133022133002113
8,112003120213031213
9,021
10,3021130220331120203131
11,1202113020331
12,3021303022131321
13,221331220331220331
14,0330120213031220313
15,203121330022113
16,030212133
17,0221213
18,13003121302203312203311
19,312130212033
20,0021213031200311
21,13021133
22,1213310
23,020331102
24,021133
25,13302203312213002130311
26,312203011220313
27,21133
28,30022113322031213
29,00311200312033112031
30,2003311
31,30031120203311
32,31202113302031131
33,03112003130211
34,3300221133
35,1330212031300213022133
36,13031213020311
37,113002131
38,003121303
39,2021330203121300213
40,02203121303
41,02130031113
42,3031220331110
43,03311
44,20331
45,0333220031203311
46,31312003122031120313
47,022112030221313002113
48,213020311200331122
49,13302213120312002113
50,03312021313
51,21003122030311
52,033120311203111
53,331220031203311
54,3112020131213
55,02203311200311
56,23133
57,120033121200311
58,1200311
59,22033120213302203311
60,02021313002120313122
61,13330221331
62,20213302131220331
63,002213131122030311
64,330021203131
65,030312
66,2033112021300311
67,1312033120213
68,302213130021120331
69,3302213120313
70,203031132
71,031202133121
72,13002113302203311
73,002113310
74,221331
75,021303022113
76,1130203311
77,00221133
78,21133022133
79,0031312021303021203131
80,00331111
81,02211300213312003121
82,311202033112200311
83,311302031112
84,1312002113031202031213
85,2130311
86,03112003311
87,02113020312120313
88,3022130203131
89,031212013312021133
90,130021120313002131
91,00221303121
92,120330213122031
93,03301131
94,2033112203302131
95,21133
96,130221331
97,330202113
98,11200312021133
99,1302213
100,1203031110
101,113003122031120331
102,31203031110
103,30211330021203311
104,312203021312031323
105,13122003131202130203311
106,0021213300212133
107,30213
108,312120302131
109,202133
110,1120213302203312120313
111,20021303121200331
112,2203031100
113,21312031
114,220331200312021133
115,2013311
116,1213
117,03312130202113302031
118,22033121300211300
119,02030311
120,02031
121,03321303122003112003311
122,113301021313
123,00311200313122031320
124,12031302
125,03312031
126,012030311
127,2113031
128,03311
129,02211303
130,3002211300311
131,213122033021312021303131
132,22031120031203311
133,231302031213
134,1220312130302211303
135,0221302033122133
136,1300312021130021331
137,3130221133
138,202113020313
139,0211302021133002133
140,22031302213031313
141,1302203311202130203131
142,1021133
143,0213
144,3122133
145,120331200312203312213331
146,2130312030221133
147,3302021133
148,221313
149,20031120331
150,20203112003311
151,2312003311
152,211303120
153,03120213302203311
154,1130221313
155,31122030311
156,33002213312030221133
157,00313
158,330213122033
159,2003312213312
160,02131
161,3022133
162,033122033121
163,1312200331
164,0331120
165,3112200331213
166,221133
167,130203311
168,130312030221133
169,2203311203
170,3110311
171,2133020311
172,300221133
173,0033112020331101
174,221130302113
175,203113002112003113
176,31220331212003131
177,312031312200311300
178,1202130311
179,02220331122030311
180,11202033121200311
181,1312003112203021313
182,221330202113003121
183,302120313
184,21312203031120031101
185,03311200311203
186,0311202133
187,11220331
188,031213
189,20331202130331
190,0331213
191,22130311
192,11302120031213
193,0203312120031203311
194,033112030212233120311
195,213302113020311
196,0211302133021200313
197,21120330221130203113
198,2213302213302131
199,113031
200,31300211330213
201,20203311
202,003131220033120311
203,1203021012003131
204,2130021313
205,30203112
206,12033021312200313
207,302131
208,0213020313
209,3022113030213
210,22033122130021313
211,0221300311
212,302131202133022133
213,331122003311
214,3312030211302031132
215,20211300312021130021133
216,1130021133
217,213120313
218,2113302203311
219,3021133
220,31122003112030310
221,31120331220031302213031121
222,3121311
223,1302033112020331111
224,031302113
225,21130312030212133
226,33002113
227,03110
228,21303102
229,3120001203311
230,211300312203113012131
231,021120313022133002113
232,330221331
233,2133122033122033
234,11303131
235,030221133
236,2113313
237,133020312213310
238,312200331213
239,120313
240,03311
241,203312031
242,21330021203311
243,33002131
244,31213022133
245,021312200331213020311
246,2003311
247,130221300311200312203311
248,3302113
249,2003311220302131200331
250,302213002113302120313
251,31300221130003131
252,203121330321203311
253,12313031
254,02130202113303
255,31202131
256,21213311
257,133002211300311
258,2113303
259,002133113
260,21312031331
261,30211300212031302113
262,312031312
263,302113003121322
264,300213131
265,20302131
266,22031302113
267,2003113022130203211
268,31221330212030311
269,211330021203311
270,31203312021313
271,30221333020211300311
272,0221313002112031302031
273,3020311
274,20312213302213301
275,03113002211300311
276,312030212130312200313120
277,200331221330213
278,1220313020311
279,3031203
280,1203122203312021313
281,203302211300213031
282,1202113313
283,3110221133022133020311
284,1203031102
285,130031
286,1330220331122
287,0313122003311
288,03021330221133
289,1213022130312001300311
290,3311220033112200331111
291,031220031312200313
292,022233
293,0211200313120030311
294,220313020312203131
295,2031213300221133
296,12030211302203311
297,3021200331212030311
298,0311203021313
299,00221312031332
300,211330221300311
301,2213031220331131
302,31203031122031322
303,21133
304,0031130022133
305,21130203121200331213
306,3031313002113
307,2113002203311
308,21312031300211
309,003112021300331
310,2003122133
311,20031212003121300311
312,00221330
313,1120031220313022130311
314,02021330221130031130
315,30203121302203311
316,21300221133
317,12021303122
318,3021120030302112003113
319,31212030311
320,1302031
321,022133002121330213
322,0333212003311202133
323,302133
324,2120313122003120331120
325,1122003131
326,22003311
327,202033121311
328,31213020311
329,3021130022113
330,221133
331,00312021133
332,20331220303121
333,0031223030221130031213
334,312021312031
335,1312200311302120331
336,312133022130031133
337,2211303102
338,12003131202133002131
339,1302120031203311
340,213120303112031
341,0033120311
342,1330203122130203113
343,3120213302132
344,312021330211313
345,33002211303
346,2120331122
347,112030221313
348,21203130021203311
349,312031
350,021302211330202113031
351,33022131300221302113
352,112033120203311
353,003121300213120031
354,1303022113031
355,00211
356,212130021303121
357,1130202113302021133
358,13021133020213031
359,12200021313
360,033022133
361,31203102
362,300213031122003113
363,1303120203311
364,200311
365,12203311
366,02133020213120331
367,203031220313
368,12003121330212033
369,2130203121200311
370,12003122033122133
371,021312003311
372,0212133022130021331
373,130312020331202130311
374,1120331
375,11203021333
376,21
377,1203130202131200331
378,21133
379,21302213
380,20313021203113
381,330021203311
382,202123
383,130202113031
384,31202113031
385,221331
386,20331122031323
387,3302021313
388,22133002131203102
389,21133022031212031
390,22031302213302203113
391,00211302203312120313
392,2213120031302113
393,03113
394,33120021130312002113330
395,1130021130031120331
396,0221313
397,2203131220313
398,02031212003120331213
399,03311220031312200331
400,30212133022133021
401,12120031203321
402,203302113022133
403,311202130021130031213
404,33021120331
405,20031312203312031
406,120311
407,303121330220331213
408,21331200211303022131312
409,03121203021313
410,2003130312133002131
411,2113
412,003133
413,11330221330202113301
414,2133021203021313
415,22113031
416,0033112021303101
417,213120031131
418,030221330213122033123
419,302203312213302120313
420,11202133
421,021330220331123
422,212033022113303
423,331122030312021133
424,130312203131
425,3113
426,31120213302203311
427,03112003113
428,311220313
429,33110203311
430,2021130021133
431,30312200331121
432,0313122003331
433,033120213
434,30021313030221313
435,302120331120021331
436,2130031113
437,0313
438,0331122003311
439,321313
440,31220311313
441,12002130311
442,0312133
443,0312003312203112030311
444,0021203131
445,203311
446,3031213002120311312
447,1203302131
448,31220313
449,021313031
450,02112
451,333022133
452,20302131313
453,3112200313101
454,203031202133121
455,12330022113300221133
456,3300212120021133
457,30212133002113
458,0331
459,2113323
460,213022133121
461,312120033121200311321
462,30221330221312031303
463,031220331123
464,02113030221313
465,0212003311
466,023203131
467,001130302113
468,203121300212033122133
469,0031120021331
470,0303122033120311
471,2021130021313
472,031312203021312030311
473,213031212030211300311
474,0313021213
475,330213121
476,2113031
477,0213302131202130021331
478,31312200312133
479,312021313
480,1201302113021203021331
481,1312200331
482,0212133
483,220033121203031103
484,3020331212003311
485,133022133
486,122003311
487,3130221331220313
488,20213031212003311
489,2213021033
490,31200311302213332
491,21133
492,203021130302113
493,211200331213002131
494,021331
495,20302113020311
496,2003231
497,302211303110
498,1200331110
499,130203312213020313
500,03312203131
501,130012203131
502,2031213302021313
503,33022033112020331213
504,120331103
505,21331
506,021312031
507,3021120031213
508,31213020211300311
509,3031322003311
510,003121303102
511,203121300211303
512,0021130021203131
513,3020211303
514,2113030221030021133
515,312003112002113030213
516,20313002113002131
517,00331120302131220313
518,002313031
519,03312203311200311
520,213030213103
521,300211311
522,1303122003113
523,0311203130212003113
524,31120302113331
525,031203021203112003213
526,1130121133
527,302133002213021133
528,00311
529,120311203122003113
530,13002113
531,213031220313
532,0312003131
533,002120313121
534,031120031213
535,133021120313022123
536,12203130022113
537,3030213113
538,021312031
539,2023133
540,031213333
541,00121133
542,312130021120331
543,30021120033121320
544,2120031312031
545,030221331203
546,33221331
547,2113002113302021313
548,120113031
549,031120330211302031123
550,20331130
551,03312120313
552,302213
553,021133022033121200331113
554,3131220313002112003311
555,1302213130021130212033131
556,01311
557,302113022130021331
558,0213302213031
559,12011
560,3120230221133
561,21213
562,1302113002112003131
563,0031130021120313002113
564,302021133
565,22131302
566,133021302
567,21130312030211303
568,300221331
569,0033112020331132
570,3022113031
571,02113022031120312
572,223020313021203131
573,3022133
574,2213300211200331102
575,300311
576,2120331
577,121300213120031100
578,3020331213
579,1202311
580,312002113302031111
581,112033120302113
582,203
583,2030312203131
584,21130031
585,202033312031
586,2021330221133020311
587,31200331122033
588,00212033112031
589,213302031120021312033
590,31220331110021133
591,120021130031213
592,3112200331020203311
593,300312203130221313
594,1213300211
595,1122033122003311
596,022133122003312
597,31300211200311330
598,22133022113031
599,3302031120003113
600,030213312200331
601,200313
602,02213020331111
603,133002113021200331122
604,22031302113
605,0031203311
606,212003131
607,2033121300212133
608,220312130203311
609,332213312031
610,1220313
611,12003312021312003311
612,21312030212133
613,312223031213020311
614,03113022133
615,312002113302120331
616,02120312130021133
617,21302021133021313
618,21300222133
619,33021
620,03022133022130311
621,02130021312031
622,31213002131
623,3021331220331
624,113030211301
625,121313
626,3022131203130022133132
627,311203130022131300
628,133122003312213
629,33112020313
630,20312203031
631,03112003113
632,131203
633,120021312003311
634,3302203312031
635,021130203131
636,3112031
637,0202113311
638,2203021130031130
639,30312002113131
640,20031120313
641,31203322130312021313
642,21133002120311
643,33022133122030311
644,03312213002113302213031
645,021330221331
646,122133
647,22131
648,202130021331
649,112233302131
650,21130031120
651,30213002211303113
652,31202133022133
653,21302213300211302003311
654,20031120302131
655,0220331
656,21331220330221133
657,1302120213
658,021130203311203111
659,13002131312
660,121300311
661,0021331220331
662,22003131
663,312020331213
664,112031302203311
665,3021130302113
666,30212003112003311
667,3302211303122
668,120331121
669,0221302113302031213
670,3020312120323022133
671,2200312131
672,130312203011220313
673,0033120311200311
674,0203312213
675,021330221313020311
676,20203131
677,13312203031220331121
678,03021130203131
679,130021312203130212030311
680,00213302112003312031112
681,02113031
682,2130311203
683,122033122133
684,3112003113
685,1300221133
686,122030213302112003130211
687,2031212003312130212030311
688,11203302213312031
689,12203312020331
690,220331
691,1300221331203022130311
692,1202130021133
693,30311202133
694,03031213
695,30212003121300311
696,30312203113
697,11220331
698,30213122103311
699,1122003311
700,1300211302
701,0211311
702,122033120213002130311
703,200331202131300221313
704,030221133
705,211322120331
706,031200311202133
707,3031120302113
708,202031312200312133
709,21302033122033121200331
710,1202033122031120333
711,3130202113
712,00331120213020311
713,0312002113302021133
714,03121303022113003121300
715,31202133131
716,3121200311300221331
717,133022133021200331132
718,212003131203
719,12003312203113
720,220033121200331
721,101203022113002113031
722,3120331
723,022133
724,031130221330203122133
725,0331213002130221331
726,02130202113310
727,20203112030311
728,3121302203311
729,22031130022113300
730,120031213
731,00331
732,200312021133
733,0211300221133020311
734,1303120031
735,2133120031213
736,3021120231130021203113
737,213302021330221133
738,20330
739,0033121
740,113302120330221133021321
741,2112031
742,3113002213312002113
743,00312203113
744,120312213302120313
745,30021213322
746,20312133
747,213023211300311
748,22031213302203311
749,21103
750,2003131
751,1330213
752,22131
753,13032213
754,3002120331213
755,131203130203122133
756,0311321
757,30021213331
758,0312103
759,21300311
760,003112200331212031333
761,120213031
762,2021300311
763,3020331213002113
764,31302021312003111
765,130213130021203112033122
766,13022130311
767,212133
768,31213002131
769,1302031220311322
770,221130031130
771,33002213312030221113
772,0220331220331120203311
773,3312130202130311
774,21330213
775,0330221313002112003131
776,220033120311
777,30212133022133021321
778,20331220313
779,1202033122133
780,3002211230213
781,2120313
782,3122033120311
783,03311220303121303
784,031213302
785,002131200313120203311
786,20331202133
787,3113002210330213
788,03122031300213022113331
789,0221300311
790,211330202130311
791,2030311
792,0312003312213310
793,3031213022133
794,31312020331122031310
795,020331122003311
796,3002121302031213320
797,130022110031
798,221330213122031
799,1122031
800,133020311220313
801,1303120031120302213031110
802,22033021312020331123
803,002130221313
804,1220033122130
805,031213302213031
806,0221302311
807,30212133
808,0031312031
809,122003311
810,31120033112021303
811,002113002133022131
812,03120331220313
813,3021203312022133
814,31120033121302021133
815,31202133
816,1200312133
817,2130021130203111
818,33022033121302213031
819,12033022131300221133
820,31120031213
821,2031302233311202133
822,2033
823,13132
824,00212133020213031
825,311
826,20033122133
827,1302113300221133
828,13021133002120331
829,20331
830,021331
831,030221303112031
832,3002213130202113031
833,0302121302031120331
834,02113
835,33002120331120031130
836,330221330202113
837,312003120331120031
838,30021330213120031
839,02021131
840,03302113002131
841,3120331122003131
842,12133002131
843,133022133
844,21130033120203130212133
845,21302113302031131
846,120330221133
847,03130211302031133
848,13130221300311
849,13122030311
850,13020310
851,30213120313002130221331
852,3300221331220313
853,20312003311202133
854,11200312133
855,13022133022113300211
856,02021331
857,30213
858,20302120331
859,2203311
860,1300311
861,30221300213120313
862,1200311
863,3112203021313
864,2112031302203311
865,022133020311
866,123002112003311
867,1022113031
868,2030221130031102
869,03122031213031200311
870,03312031120213301
871,2200311302203311
872,021203113002112003311
873,12213031200311
874,0311300
875,13022031120313
876,121
877,02021330221331
878,11220031312031
879,03130311220331220331
880,0312003112031
881,13302021130302131
882,3022113031
883,33120302120331
884,02213030221331
885,22030311203121
886,202113
887,131302021130031202113312
888,0331120021133
889,12200331
890,1330031120331
891,003112200331213
892,00331122033020130311
893,3130021213031
894,212003311200311
895,20213031220331
896,31213333
897,0202113020331213
898,3120033112203021331
899,1203311
900,1120213031
901,031130221330202130311
902,031202113300202133
903,211100221133
904,1302213031133
905,20213020331212003311
906,30212133
907,2120331122031
908,0031213302213302203311
909,13300211
910,1312031
911,3022133
912,331120302113
913,3312120313002213021133
914,2033122033120311
915,30021302213120331203
916,112031
917,1220302131
918,3312021303022113322
919,1230211330220312133
920,00221133020213031
921,12200311
922,1120031312203312200311
923,1130021133022133
924,31212
925,11200311
926,33002112031333
927,3120203111
928,020331212031310
929,2033
930,2120331212003131
931,02211330202113302
932,02203311
933,002113
934,13312200311
935,2213313
936,2130022131302
937,3002213312031
938,130031213
939,3302131
940,22131200331110
941,21302223311
942,2130022133002131
943,3022033120021331
944,1130031202113
945,120311200331213
946,30031122003311
947,003011
948,1203130221133
949,1120031213302031211
950,113031220330211313
951,3021331
952,3312203311
953,202130031121
954,030211300221133
955,13302113022033122133
956,02133
957,1220302113320
958,030211330
959,202113302120331
960,12200311
961,20211302133021200311302
962,220331213002120313
963,3120311
964,0202131
965,31302111
966,221130302131
967,31120301121330213
968,203112203031213021200313
969,021133023133002131
970,03311220031120331
971,120331103
972,2031120031122030211
973,220311203021313
974,121203021133
975,3031213
976,03312203131
977,00331213
978,3120031122003311
979,302333
980,13220313
981,0312002131
982,3120313002120311
983,003112003131
984,0331203022113302
985,12130212030311
986,0031130021130212030311
987,03311
988,223002113022133
989,1122003131
990,133020211303120021133
991,02213021133
992,22033120213120331
993,02113
994,130312021303
995,203112030213122031302
996,30212003311
997,1303120021133102131
998,22033103
999,33021200331122033123
