id,cell_0,cell_1,cell_2,cell_3,cell_4,cell_5,cell_6,cell_7,cell_8
0,4,2,3,5,1,0,7,8,6
1,4,0,2,5,1,6,7,3,8
2,1,2,3,7,5,0,8,4,6
3,4,0,2,7,1,5,8,6,3
4,1,2,3,7,4,5,8,0,6
5,2,6,3,1,8,0,7,5,4
6,1,5,3,7,2,0,6,4,8
7,8,1,6,3,5,0,2,4,7
8,6,3,0,1,5,4,7,8,2
9,1,2,3,4,6,8,7,5,0
10,2,1,5,8,0,4,7,3,6
11,1,8,0,4,3,2,5,7,6
12,2,3,6,5,7,4,0,1,8
13,2,3,0,1,8,7,6,5,4
14,8,1,2,0,5,3,7,6,4
15,5,2,6,3,0,8,1,4,7
16,1,3,6,5,7,2,4,0,8
17,2,3,6,1,4,0,7,5,8
18,5,6,4,0,2,1,3,7,8
19,1,0,2,7,6,3,8,5,4
20,1,2,8,6,5,3,4,7,0
21,0,5,3,2,1,6,4,7,8
22,1,0,3,5,2,6,4,7,8
23,4,1,2,5,8,3,7,0,6
24,2,5,3,1,0,6,4,7,8
25,8,5,4,0,2,6,3,1,7
26,7,0,1,4,3,2,5,8,6
27,2,0,3,1,5,6,4,7,8
28,6,2,8,1,3,5,4,0,7
29,7,8,2,6,4,3,0,1,5
30,4,1,2,7,5,3,8,0,6
31,4,8,1,5,6,2,0,7,3
32,5,0,3,1,6,2,4,7,8
33,7,4,6,0,1,2,5,3,8
34,2,3,6,1,5,8,0,4,7
35,2,5,4,0,6,8,7,3,1
36,0,6,5,1,4,2,7,3,8
37,1,0,5,4,3,6,7,2,8
38,8,1,3,4,2,5,0,7,6
39,1,6,3,5,7,8,4,2,0
40,8,1,3,2,5,6,4,7,0
41,1,5,2,8,7,3,4,0,6
42,4,3,1,0,5,2,7,8,6
43,4,1,2,0,5,3,7,8,6
44,1,2,3,7,4,5,8,0,6
45,5,4,2,8,7,1,0,6,3
46,0,7,1,2,6,4,5,8,3
47,6,8,4,3,2,0,1,7,5
48,7,4,2,5,0,3,1,8,6
49,0,6,8,3,1,7,2,4,5
50,1,2,4,0,6,3,7,5,8
51,1,5,2,6,0,4,7,8,3
52,4,1,8,0,3,2,7,6,5
53,5,4,2,0,7,1,8,6,3
54,4,0,1,6,5,2,7,8,3
55,4,1,5,8,2,3,7,6,0
56,2,0,3,1,5,6,4,7,8
57,7,4,1,5,0,3,2,6,8
58,1,5,2,4,8,0,7,6,3
59,4,1,2,5,3,7,8,6,0
60,3,2,5,4,6,8,7,1,0
61,2,3,5,0,8,4,1,7,6
62,3,7,4,1,2,0,8,6,5
63,4,5,2,1,7,3,8,6,0
64,4,3,5,2,1,6,0,7,8
65,1,5,2,7,4,3,0,8,6
66,8,1,5,7,0,2,4,6,3
67,0,2,3,1,4,7,8,5,6
68,3,5,6,1,0,7,8,2,4
69,2,3,6,0,1,7,5,4,8
70,1,5,2,7,4,3,8,0,6
71,2,5,4,1,0,3,7,8,6
72,1,3,2,0,7,6,4,5,8
73,2,5,3,1,7,6,4,0,8
74,2,3,0,1,4,5,7,8,6
75,2,3,6,7,4,5,1,0,8
76,0,1,2,4,8,3,5,7,6
77,2,3,6,1,5,8,4,7,0
78,2,0,3,1,6,8,5,4,7
79,8,4,5,2,3,7,0,6,1
80,4,1,2,7,5,3,0,8,6
81,4,2,5,6,8,0,1,7,3
82,7,0,4,2,8,1,5,6,3
83,0,1,2,4,5,6,7,3,8
84,1,0,3,5,8,4,2,6,7
85,5,0,2,1,4,3,7,8,6
86,7,4,2,0,1,3,8,5,6
87,1,2,8,7,6,0,5,3,4
88,4,1,3,8,5,6,2,0,7
89,1,3,2,4,0,5,7,6,8
90,1,5,6,7,0,8,2,3,4
91,6,2,3,1,4,8,7,5,0
92,1,3,4,5,0,2,8,7,6
93,1,3,5,7,4,2,0,8,6
94,7,1,3,4,0,5,8,6,2
95,2,0,3,1,5,6,4,7,8
96,2,0,5,1,3,4,7,8,6
97,2,5,3,1,6,8,0,4,7
98,0,6,5,2,7,3,1,4,8
99,1,2,3,5,0,8,4,6,7
100,1,5,2,7,0,3,8,4,6
101,0,5,1,7,4,3,2,8,6
102,1,5,2,0,7,3,8,4,6
103,2,1,3,0,4,6,5,7,8
104,2,7,3,5,0,1,4,8,6
105,8,0,2,5,4,1,6,3,7
106,1,6,8,2,3,7,5,4,0
107,1,2,3,4,6,8,7,0,5
108,2,0,4,7,6,3,5,1,8
109,1,2,3,5,7,6,4,8,0
110,7,1,0,3,5,2,6,4,8
111,3,7,1,4,5,2,8,6,0
112,1,5,2,7,4,3,8,6,0
113,1,3,0,4,2,8,7,6,5
114,2,6,5,4,1,7,8,3,0
115,4,1,2,7,5,3,8,0,6
116,1,2,0,4,6,3,7,5,8
117,1,5,3,0,8,2,4,6,7
118,4,1,3,8,6,0,7,2,5
119,5,4,2,1,0,3,7,8,6
120,1,5,2,4,3,6,7,8,0
121,6,7,2,0,4,1,8,5,3
122,0,4,3,2,6,8,1,7,5
123,5,7,3,8,1,4,0,2,6
124,1,2,3,7,0,6,5,4,8
125,4,1,5,0,3,2,7,8,6
126,1,0,2,7,5,3,8,4,6
127,2,0,3,1,8,5,4,7,6
128,4,1,2,0,5,3,7,8,6
129,2,3,5,1,8,0,4,7,6
130,5,2,3,1,8,6,4,0,7
131,1,7,0,4,3,8,6,5,2
132,7,5,2,4,3,0,8,1,6
133,0,6,2,1,4,8,7,3,5
134,7,2,0,3,8,5,1,4,6
135,5,1,2,7,3,8,6,4,0
136,4,5,8,0,7,3,2,1,6
137,0,2,6,1,3,5,4,7,8
138,1,8,3,4,5,0,2,7,6
139,3,6,5,1,2,0,4,8,7
140,1,6,3,2,4,0,7,5,8
141,8,4,1,7,0,5,2,3,6
142,2,5,3,1,6,0,4,7,8
143,1,2,3,5,7,6,4,0,8
144,1,0,2,5,6,3,4,7,8
145,5,3,1,4,0,7,8,6,2
146,2,3,6,8,0,7,1,4,5
147,2,5,3,1,6,8,0,4,7
148,2,3,0,1,4,6,7,5,8
149,7,1,3,8,2,5,4,0,6
150,7,4,2,1,5,3,8,6,0
151,4,1,2,8,7,3,0,5,6
152,2,0,3,1,8,5,4,7,6
153,4,1,2,3,8,7,5,0,6
154,0,2,6,1,3,4,7,5,8
155,1,0,5,7,4,2,8,6,3
156,3,6,7,2,1,5,0,4,8
157,4,1,3,7,2,5,0,8,6
158,1,3,4,0,7,2,8,6,5
159,5,1,2,4,6,3,7,0,8
160,1,3,5,4,2,0,7,8,6
161,2,3,5,1,0,4,7,8,6
162,1,2,3,8,7,4,0,6,5
163,4,0,2,7,1,5,8,6,3
164,4,1,2,0,5,3,7,8,6
165,4,0,1,7,6,2,5,8,3
166,2,3,0,1,5,6,4,7,8
167,4,1,2,0,8,3,5,7,6
168,2,3,6,0,8,7,1,4,5
169,4,1,2,8,3,0,7,6,5
170,1,0,5,4,3,2,7,8,6
171,1,5,2,3,0,6,4,7,8
172,2,3,6,1,5,8,4,0,7
173,5,4,1,7,8,2,0,6,3
174,3,6,0,1,5,2,4,7,8
175,7,4,6,3,0,8,5,1,2
176,7,0,4,5,3,1,8,2,6
177,0,7,3,1,4,2,5,8,6
178,5,4,0,1,3,2,7,8,6
179,7,5,2,4,1,0,8,6,3
180,7,4,0,6,2,1,5,8,3
181,2,0,4,7,1,8,5,6,3
182,6,5,2,3,8,0,1,4,7
183,1,0,2,7,6,3,5,4,8
184,1,5,0,7,8,4,6,3,2
185,4,1,8,0,6,2,7,5,3
186,1,7,2,5,0,3,4,8,6
187,1,2,0,7,4,3,8,6,5
188,1,6,2,4,0,3,7,5,8
189,1,5,4,3,0,2,7,8,6
190,4,1,2,0,6,3,7,5,8
191,5,2,0,1,4,3,7,8,6
192,5,0,3,4,1,8,7,6,2
193,7,5,4,3,1,2,8,0,6
194,3,4,5,0,8,2,7,6,1
195,2,0,6,1,4,5,7,3,8
196,1,8,3,4,0,6,5,7,2
197,1,6,0,2,3,5,7,4,8
198,5,2,0,3,1,4,7,8,6
199,0,2,3,1,8,5,4,7,6
200,2,6,3,1,0,7,4,5,8
201,4,1,2,5,8,3,7,6,0
202,7,4,5,8,1,3,0,6,2
203,1,7,3,8,0,5,2,4,6
204,2,4,3,5,0,6,1,7,8
205,4,1,3,2,5,6,0,7,8
206,4,3,2,8,0,1,6,7,5
207,1,3,5,4,0,2,7,8,6
208,4,1,3,8,7,5,2,0,6
209,3,5,2,1,0,8,4,7,6
210,5,2,4,6,3,0,1,7,8
211,1,5,2,8,3,6,4,7,0
212,1,3,4,6,0,2,5,7,8
213,0,4,1,7,5,2,8,6,3
214,1,2,6,0,4,3,7,8,5
215,6,4,7,5,3,0,2,1,8
216,0,5,3,2,7,6,1,4,8
217,2,0,3,1,7,6,5,4,8
218,1,0,2,4,3,6,5,7,8
219,2,5,3,0,1,6,4,7,8
220,7,0,1,8,5,2,4,6,3
221,0,1,3,8,5,2,6,7,4
222,1,0,2,4,6,3,7,5,8
223,5,4,1,0,6,2,8,7,3
224,4,1,6,0,3,2,7,5,8
225,3,0,6,1,8,7,5,4,2
226,1,3,6,4,2,8,0,7,5
227,4,1,3,0,2,6,7,5,8
228,1,2,3,8,0,5,4,7,6
229,5,4,2,0,7,3,8,1,6
230,6,0,1,4,2,5,3,7,8
231,1,6,5,4,3,0,8,2,7
232,2,3,5,0,1,4,7,8,6
233,2,0,3,1,8,7,6,5,4
234,0,2,3,1,8,5,4,7,6
235,2,0,6,1,3,5,4,7,8
236,2,0,3,1,5,6,4,7,8
237,1,6,2,0,3,8,5,4,7
238,4,1,2,7,0,6,5,8,3
239,1,2,3,7,0,6,5,4,8
240,4,1,2,0,5,3,7,8,6
241,1,2,3,7,4,8,6,0,5
242,4,2,3,1,0,6,5,7,8
243,1,3,5,4,2,6,0,7,8
244,1,0,2,5,8,3,4,6,7
245,4,5,6,7,1,0,3,8,2
246,4,1,2,7,5,3,8,0,6
247,4,8,3,6,0,2,5,1,7
248,1,3,6,0,4,2,7,5,8
249,8,1,7,5,4,2,6,0,3
250,2,6,3,5,8,4,1,0,7
251,1,3,5,0,4,6,2,8,7
252,1,4,3,2,0,6,5,7,8
253,1,2,0,8,5,3,4,7,6
254,2,5,3,1,8,7,4,6,0
255,2,0,4,1,6,3,7,5,8
256,1,3,0,5,2,6,4,7,8
257,5,2,3,0,8,6,1,4,7
258,2,0,3,1,5,6,4,7,8
259,2,4,3,1,8,5,7,0,6
260,2,0,3,1,7,6,5,4,8
261,4,2,8,3,0,6,7,1,5
262,1,2,3,0,7,6,5,4,8
263,6,5,2,0,1,3,4,7,8
264,1,3,5,4,2,6,7,0,8
265,1,3,5,4,8,2,7,6,0
266,4,1,6,3,2,0,7,5,8
267,8,4,2,5,1,6,3,0,7
268,1,0,5,3,6,2,7,8,4
269,2,0,3,4,1,6,5,7,8
270,0,1,4,6,2,3,7,5,8
271,8,2,6,5,0,3,1,4,7
272,2,6,8,1,7,0,3,5,4
273,1,5,2,4,3,6,7,0,8
274,1,8,2,6,3,0,5,4,7
275,1,5,3,0,2,6,4,8,7
276,4,3,2,6,0,8,7,5,1
277,6,1,2,4,8,3,7,0,5
278,1,5,2,7,4,0,3,8,6
279,1,6,2,0,4,3,7,5,8
280,1,2,4,7,8,0,5,3,6
281,4,2,3,1,5,8,7,0,6
282,2,5,0,1,6,3,4,7,8
283,0,5,8,1,2,6,3,4,7
284,1,5,2,7,0,3,8,4,6
285,1,5,2,0,8,3,4,7,6
286,4,1,2,0,3,6,5,7,8
287,7,4,2,0,1,5,8,6,3
288,3,1,6,4,2,5,0,7,8
289,1,5,0,6,3,2,8,7,4
290,0,7,4,8,5,1,6,3,2
291,7,4,3,8,5,1,6,0,2
292,1,2,3,5,6,8,4,7,0
293,7,2,4,8,1,0,6,5,3
294,4,5,1,7,2,6,3,8,0
295,5,2,6,3,0,8,1,4,7
296,4,2,6,5,3,0,7,8,1
297,7,1,5,8,2,6,4,0,3
298,7,2,3,0,4,6,5,1,8
299,2,3,6,1,7,8,5,4,0
300,5,0,2,1,3,6,8,4,7
301,3,1,0,4,5,2,7,8,6
302,1,4,2,0,5,3,8,7,6
303,2,0,3,1,5,6,4,7,8
304,1,2,5,7,3,6,0,4,8
305,4,1,0,7,3,8,5,2,6
306,1,8,3,0,4,6,7,2,5
307,1,0,2,4,3,6,5,7,8
308,3,0,6,1,7,8,2,4,5
309,1,7,5,8,6,2,4,0,3
310,1,6,2,5,7,3,4,8,0
311,8,3,1,4,5,2,7,6,0
312,2,3,5,1,4,6,7,8,0
313,1,4,0,2,8,5,7,6,3
314,2,1,3,5,8,6,4,7,0
315,4,6,1,5,2,8,7,0,3
316,2,3,6,1,8,0,4,5,7
317,1,2,3,8,7,0,4,6,5
318,7,6,1,5,0,4,2,3,8
319,1,0,5,7,3,2,8,4,6
320,1,5,2,4,0,6,7,3,8
321,1,3,8,2,5,7,6,4,0
322,4,5,1,0,3,2,8,7,6
323,1,2,3,5,7,6,0,4,8
324,7,2,0,4,5,1,8,6,3
325,4,1,0,7,2,3,8,6,5
326,4,1,2,7,5,3,8,6,0
327,4,1,5,3,8,2,7,6,0
328,1,0,5,4,6,2,7,3,8
329,2,6,8,1,0,3,4,5,7
330,2,3,0,1,5,6,4,7,8
331,2,6,5,1,7,3,4,0,8
332,1,6,2,5,7,4,8,0,3
333,7,6,3,1,2,5,0,4,8
334,2,0,7,1,6,3,5,4,8
335,7,0,3,8,1,2,5,4,6
336,0,1,2,3,5,6,8,4,7
337,2,3,0,1,8,5,4,7,6
338,2,1,5,4,0,7,8,3,6
339,5,4,2,7,0,6,8,3,1
340,8,0,2,1,7,3,6,4,5
341,4,1,5,7,3,2,0,8,6
342,4,6,1,0,3,8,5,2,7
343,3,0,4,1,2,5,7,8,6
344,3,0,4,1,2,6,7,5,8
345,2,3,5,1,8,6,0,4,7
346,4,2,0,5,1,3,7,8,6
347,2,3,0,1,5,6,7,8,4
348,4,2,3,7,6,0,1,5,8
349,1,2,3,0,7,6,5,4,8
350,8,6,5,2,3,0,1,4,7
351,3,6,8,0,5,2,4,1,7
352,4,0,2,7,1,8,6,5,3
353,1,3,2,4,5,8,7,0,6
354,2,3,5,0,7,8,1,4,6
355,1,3,6,4,2,8,7,5,0
356,6,2,0,5,4,3,1,7,8
357,5,0,3,2,6,7,1,8,4
358,0,3,2,4,5,6,1,7,8
359,2,4,3,7,1,0,5,8,6
360,1,2,3,0,6,8,5,4,7
361,1,2,3,4,0,8,7,6,5
362,2,7,1,4,8,3,0,5,6
363,4,1,2,0,6,8,5,7,3
364,1,5,2,4,8,3,7,6,0
365,4,1,0,5,3,2,7,8,6
366,2,7,3,5,8,6,1,0,4
367,4,5,1,7,2,3,8,0,6
368,5,1,3,7,0,6,8,2,4
369,4,6,1,7,8,0,5,3,2
370,5,3,1,6,7,0,4,8,2
371,1,7,2,4,0,3,8,5,6
372,2,3,6,5,4,0,8,1,7
373,1,5,4,0,6,8,3,7,2
374,1,2,3,7,5,0,8,4,6
375,2,0,3,4,5,6,7,1,8
376,1,2,3,4,6,0,7,5,8
377,1,7,2,8,0,6,3,4,5
378,2,0,3,1,5,6,4,7,8
379,1,2,3,5,8,0,4,6,7
380,2,4,6,3,0,1,7,5,8
381,4,2,3,5,1,6,0,7,8
382,1,2,3,5,7,6,4,8,0
383,2,8,3,1,0,6,4,5,7
384,2,0,8,1,5,3,4,7,6
385,2,3,0,1,4,5,7,8,6
386,7,1,2,4,0,3,5,8,6
387,2,4,3,1,6,8,0,7,5
388,1,3,8,2,5,0,4,7,6
389,1,0,3,8,5,6,2,4,7
390,4,1,3,2,6,5,8,7,0
391,7,2,8,6,1,4,5,3,0
392,1,6,0,4,7,2,5,3,8
393,4,1,3,0,2,6,7,5,8
394,5,8,3,0,2,4,1,6,7
395,1,0,6,7,5,4,8,3,2
396,2,3,6,1,4,0,7,5,8
397,7,1,3,2,4,0,5,8,6
398,6,3,4,7,2,8,5,1,0
399,8,7,4,0,1,2,6,3,5
400,1,3,5,8,0,2,6,4,7
401,5,4,0,7,3,2,8,1,6
402,1,3,8,4,5,2,6,0,7
403,6,0,5,7,4,2,1,8,3
404,1,3,5,7,2,6,8,0,4
405,7,1,3,6,2,4,5,0,8
406,4,0,3,2,1,6,7,5,8
407,4,2,8,3,0,1,6,7,5
408,5,0,6,3,2,7,1,8,4
409,2,6,4,7,0,3,5,1,8
410,2,1,6,4,5,3,7,0,8
411,2,0,3,1,5,6,4,7,8
412,4,1,3,7,2,5,0,8,6
413,0,5,3,2,8,7,6,1,4
414,2,4,3,6,0,8,7,5,1
415,2,3,0,1,8,5,4,7,6
416,8,1,2,4,7,3,0,6,5
417,1,2,0,4,5,8,7,6,3
418,3,4,2,1,6,7,8,0,5
419,6,1,2,8,3,4,7,0,5
420,1,2,0,5,7,3,4,8,6
421,4,1,2,3,7,6,5,0,8
422,2,3,6,4,5,0,7,1,8
423,0,2,6,4,1,5,7,8,3
424,0,5,1,4,2,3,7,8,6
425,1,2,3,4,0,5,7,8,6
426,4,0,1,3,7,2,5,8,6
427,7,4,3,0,1,6,5,2,8
428,1,0,2,7,4,3,5,8,6
429,4,1,2,0,5,8,7,6,3
430,5,7,3,2,6,0,1,4,8
431,4,1,2,7,6,5,0,8,3
432,7,4,2,0,1,5,8,6,3
433,1,2,3,4,5,7,0,8,6
434,2,6,5,1,3,4,7,0,8
435,1,4,3,8,0,2,7,6,5
436,1,5,2,8,0,3,4,7,6
437,4,1,3,0,2,5,7,8,6
438,7,4,1,0,5,2,8,6,3
439,2,3,0,1,4,6,7,5,8
440,4,0,1,2,6,3,7,5,8
441,5,4,2,1,8,0,7,6,3
442,5,1,3,0,2,6,4,7,8
443,5,7,1,4,8,2,0,3,6
444,4,3,5,2,1,6,7,8,0
445,4,1,2,5,0,3,7,8,6
446,4,8,3,0,2,6,7,1,5
447,1,3,5,7,0,2,8,4,6
448,1,2,3,7,0,4,5,8,6
449,1,3,5,8,2,0,4,7,6
450,1,3,6,4,2,0,7,5,8
451,1,2,3,0,6,8,5,4,7
452,2,4,3,7,1,6,5,0,8
453,4,0,1,7,2,3,8,6,5
454,2,5,4,7,1,3,8,0,6
455,0,6,8,3,5,7,2,1,4
456,2,3,7,1,5,6,0,4,8
457,1,6,8,2,0,3,4,7,5
458,4,1,2,0,5,3,7,8,6
459,2,0,3,1,5,6,4,7,8
460,2,5,0,1,3,4,7,8,6
461,7,0,4,5,3,1,2,6,8
462,3,6,7,2,0,1,5,4,8
463,4,3,1,5,0,2,7,8,6
464,3,5,6,2,0,4,1,7,8
465,4,1,2,7,3,6,8,5,0
466,4,3,5,2,1,0,7,8,6
467,3,5,6,1,0,2,4,7,8
468,5,8,2,6,3,0,4,1,7
469,2,8,4,1,6,3,7,0,5
470,4,2,1,7,3,5,0,8,6
471,4,5,3,2,6,0,1,7,8
472,8,5,2,0,7,1,4,6,3
473,3,0,8,5,4,2,7,1,6
474,5,1,6,0,3,2,4,7,8
475,1,3,5,0,4,2,7,8,6
476,2,0,3,1,8,5,4,7,6
477,3,8,7,2,0,4,1,6,5
478,0,5,3,4,1,2,7,8,6
479,2,0,4,1,6,3,7,5,8
480,2,3,6,8,0,4,5,7,1
481,4,0,2,7,1,5,8,6,3
482,1,3,6,5,2,0,4,7,8
483,7,1,5,8,3,2,4,6,0
484,7,4,1,3,5,2,0,8,6
485,1,2,3,0,6,8,5,4,7
486,4,1,2,7,5,0,8,6,3
487,0,2,4,1,3,7,5,8,6
488,3,7,1,4,2,0,8,5,6
489,5,3,0,2,1,6,4,7,8
490,5,1,3,0,4,8,6,2,7
491,2,0,3,1,5,6,4,7,8
492,3,5,6,4,1,2,7,0,8
493,4,3,0,7,1,5,2,6,8
494,2,4,3,1,0,5,7,8,6
495,1,2,6,4,3,5,7,8,0
496,4,1,3,7,2,5,8,0,6
497,2,3,5,1,0,8,4,7,6
498,4,1,2,7,0,3,8,5,6
499,8,4,1,0,7,3,5,2,6
500,2,4,1,0,5,3,7,8,6
501,0,5,1,4,2,3,7,8,6
502,6,2,3,4,0,8,1,7,5
503,6,4,1,5,2,3,0,7,8
504,4,0,2,5,1,3,7,8,6
505,2,0,3,1,4,5,7,8,6
506,1,3,8,4,2,0,7,6,5
507,5,3,6,4,0,1,7,2,8
508,5,0,8,1,6,2,4,3,7
509,4,5,1,0,7,2,8,6,3
510,8,1,3,4,2,5,0,7,6
511,1,8,3,4,6,0,7,2,5
512,4,5,6,2,3,8,7,1,0
513,2,8,3,1,5,6,4,0,7
514,3,0,6,5,4,7,2,1,8
515,3,7,8,1,0,6,4,2,5
516,1,5,6,7,4,8,3,0,2
517,7,1,3,5,8,4,0,6,2
518,2,8,3,1,7,5,4,0,6
519,8,4,1,0,2,5,7,6,3
520,1,3,5,8,0,2,4,7,6
521,1,3,6,4,2,8,7,0,5
522,4,1,3,0,8,2,7,5,6
523,5,4,3,0,1,8,6,7,2
524,0,2,3,4,5,6,7,1,8
525,7,3,6,1,8,2,5,0,4
526,0,5,3,2,7,6,1,4,8
527,5,3,6,1,4,8,0,2,7
528,1,5,2,4,8,3,7,0,6
529,4,8,0,7,3,1,5,6,2
530,2,5,3,0,7,6,1,4,8
531,5,0,1,4,2,3,7,8,6
532,4,1,3,8,7,5,0,2,6
533,4,3,5,2,1,6,7,8,0
534,1,5,6,4,0,2,7,8,3
535,0,3,8,1,4,2,6,5,7
536,2,3,6,4,1,0,5,7,8
537,1,3,5,4,8,2,0,7,6
538,1,3,8,4,2,0,7,6,5
539,2,5,3,1,6,0,4,7,8
540,5,1,3,0,2,6,4,7,8
541,2,3,6,1,5,8,4,7,0
542,1,0,3,7,6,5,8,2,4
543,4,2,3,7,1,8,5,0,6
544,4,1,3,7,8,0,6,2,5
545,2,3,8,1,6,4,7,0,5
546,2,3,5,1,0,4,7,8,6
547,6,0,3,4,7,8,2,1,5
548,1,2,3,8,7,0,4,6,5
549,7,1,6,0,2,5,3,4,8
550,4,1,2,5,0,3,7,8,6
551,7,1,2,0,6,3,5,4,8
552,1,3,6,4,0,2,7,5,8
553,4,2,1,7,0,6,3,8,5
554,0,4,3,8,2,7,1,5,6
555,3,0,4,1,6,7,8,2,5
556,4,1,2,0,5,3,7,8,6
557,2,3,6,8,0,4,1,5,7
558,2,1,3,5,0,4,7,8,6
559,1,2,3,4,8,0,7,6,5
560,2,3,6,0,4,5,7,1,8
561,2,0,3,1,4,6,7,5,8
562,4,0,6,7,5,3,8,1,2
563,7,1,8,2,6,5,0,3,4
564,2,5,3,1,6,8,4,0,7
565,2,3,0,1,4,6,7,5,8
566,1,2,3,0,6,8,4,7,5
567,3,0,6,1,8,5,4,7,2
568,2,3,5,1,4,6,7,0,8
569,5,4,1,7,8,2,0,6,3
570,2,3,5,1,0,8,4,7,6
571,7,3,8,2,1,0,5,6,4
572,2,4,5,8,0,1,3,7,6
573,1,2,3,5,6,8,4,0,7
574,4,2,3,1,6,0,7,8,5
575,1,5,2,4,8,3,0,7,6
576,1,2,3,7,5,0,8,4,6
577,1,2,0,4,3,8,7,5,6
578,4,1,2,6,5,3,0,7,8
579,1,5,2,4,8,0,7,6,3
580,5,3,2,1,0,7,4,8,6
581,1,0,6,7,3,5,8,4,2
582,1,2,3,4,6,0,7,5,8
583,4,5,1,7,2,3,8,0,6
584,5,0,2,1,8,3,4,7,6
585,4,1,2,8,6,3,7,5,0
586,2,1,6,5,3,0,4,7,8
587,7,1,2,0,8,3,6,4,5
588,4,2,3,8,1,5,7,6,0
589,2,4,7,3,0,5,1,8,6
590,1,0,2,7,3,5,4,8,6
591,6,5,2,1,7,0,4,8,3
592,5,0,4,7,8,1,6,3,2
593,1,4,2,3,5,6,0,7,8
594,1,0,6,2,3,8,4,7,5
595,4,1,0,8,7,2,6,3,5
596,1,2,5,4,7,0,8,6,3
597,4,3,6,0,7,8,5,1,2
598,3,5,0,2,1,8,4,7,6
599,4,2,1,7,3,6,0,5,8
600,1,7,2,8,4,5,0,6,3
601,1,5,2,4,8,3,7,6,0
602,4,1,2,8,3,6,5,7,0
603,4,2,6,0,1,5,7,8,3
604,4,1,6,3,2,0,7,5,8
605,5,4,2,7,1,3,0,8,6
606,4,1,3,7,5,0,8,2,6
607,5,1,3,8,0,6,4,2,7
608,8,4,2,1,3,0,5,7,6
609,2,3,8,1,0,4,7,6,5
610,1,2,3,7,4,0,5,8,6
611,4,1,7,8,0,2,5,3,6
612,1,6,0,5,3,7,4,8,2
613,1,6,5,7,0,4,3,8,2
614,5,1,3,0,2,8,4,6,7
615,2,5,3,1,0,8,7,4,6
616,7,3,6,5,2,0,1,4,8
617,2,6,3,1,5,0,4,8,7
618,2,3,6,1,8,0,4,5,7
619,1,2,3,4,6,8,0,7,5
620,2,3,4,5,8,1,7,0,6
621,1,3,8,4,5,6,7,2,0
622,1,0,3,4,6,5,7,2,8
623,2,7,3,0,1,4,8,6,5
624,0,3,6,1,5,2,4,7,8
625,2,3,0,1,4,6,7,5,8
626,3,5,6,2,0,7,4,1,8
627,0,2,6,7,3,8,4,1,5
628,0,1,2,5,4,6,7,8,3
629,0,4,1,2,8,3,7,6,5
630,1,5,2,7,6,4,8,3,0
631,7,4,3,0,1,6,5,2,8
632,1,0,3,4,2,8,7,6,5
633,1,7,2,4,5,0,8,6,3
634,4,1,5,3,2,6,0,7,8
635,1,8,3,4,0,5,2,7,6
636,1,0,2,4,8,3,7,6,5
637,2,5,3,1,6,8,4,7,0
638,5,8,2,4,1,3,7,6,0
639,2,8,3,1,6,7,0,4,5
640,7,1,3,5,2,6,4,0,8
641,6,4,3,2,0,5,7,8,1
642,3,0,6,4,1,8,2,7,5
643,5,2,4,0,1,7,8,6,3
644,4,2,5,0,6,3,1,8,7
645,3,1,5,2,0,4,7,8,6
646,1,2,0,5,6,3,4,7,8
647,1,3,5,4,2,0,7,8,6
648,2,4,3,8,7,5,1,6,0
649,1,3,0,7,4,5,8,6,2
650,5,0,2,1,8,3,4,7,6
651,2,3,5,1,6,7,4,0,8
652,1,2,3,6,0,4,5,7,8
653,4,2,6,1,3,0,5,8,7
654,7,2,3,5,4,6,1,0,8
655,4,1,2,5,3,6,7,8,0
656,3,0,6,2,4,1,7,8,5
657,1,2,3,7,0,8,5,6,4
658,1,6,2,4,0,3,8,7,5
659,2,4,3,0,5,6,1,7,8
660,1,0,2,8,5,3,4,7,6
661,2,7,3,1,6,4,8,0,5
662,4,1,3,7,2,5,8,6,0
663,4,1,2,6,0,5,7,8,3
664,4,0,2,7,1,6,3,5,8
665,3,5,6,0,1,2,4,7,8
666,7,4,2,8,3,6,5,0,1
667,2,3,5,0,1,8,4,7,6
668,4,0,2,5,1,3,7,8,6
669,3,2,8,6,1,0,4,7,5
670,1,8,2,4,3,7,6,0,5
671,5,1,3,4,2,6,7,8,0
672,0,3,1,7,4,2,5,8,6
673,4,1,8,7,2,5,0,6,3
674,5,1,2,6,7,3,4,0,8
675,2,1,6,5,0,4,7,3,8
676,4,1,3,2,8,5,7,6,0
677,0,3,1,4,7,5,8,6,2
678,1,8,3,2,4,5,0,7,6
679,1,2,7,8,0,6,3,5,4
680,5,7,2,4,3,1,8,0,6
681,2,8,3,1,0,5,4,7,6
682,8,0,2,1,4,3,7,6,5
683,5,1,0,6,3,2,4,7,8
684,0,4,3,7,1,6,5,2,8
685,2,3,6,1,0,8,4,5,7
686,6,7,2,5,4,0,3,8,1
687,7,2,1,8,5,0,3,6,4
688,2,0,8,7,3,4,6,1,5
689,4,1,2,7,5,0,6,3,8
690,4,1,2,5,3,0,7,8,6
691,2,3,8,5,0,4,7,1,6
692,2,5,3,7,4,0,1,8,6
693,1,7,2,0,5,3,4,8,6
694,1,6,2,7,4,3,0,5,8
695,8,1,2,4,3,6,7,0,5
696,4,6,1,0,2,3,7,5,8
697,1,2,0,7,4,3,8,6,5
698,4,2,5,7,0,1,8,6,3
699,4,1,0,7,5,2,8,6,3
700,1,3,6,4,0,8,7,2,5
701,1,3,6,4,2,0,7,5,8
702,5,4,2,1,8,0,6,3,7
703,2,3,1,7,8,6,4,0,5
704,2,3,6,1,7,5,4,0,8
705,1,3,0,7,2,6,8,5,4
706,1,7,2,5,6,8,4,0,3
707,1,5,3,0,4,6,7,8,2
708,4,5,3,1,8,2,7,6,0
709,3,7,4,5,0,1,2,8,6
710,2,7,1,5,4,0,8,6,3
711,2,5,3,0,1,8,4,6,7
712,5,4,1,2,7,3,0,8,6
713,5,6,3,2,7,4,1,0,8
714,7,6,3,0,2,5,1,4,8
715,2,0,4,1,5,3,7,8,6
716,1,0,2,7,6,5,4,3,8
717,4,1,2,0,6,5,3,7,8
718,4,1,3,7,8,0,6,2,5
719,2,4,1,7,0,3,5,6,8
720,7,4,1,8,3,2,5,6,0
721,8,0,5,2,3,4,1,6,7
722,1,2,3,0,7,5,8,4,6
723,2,3,5,1,4,0,7,8,6
724,3,1,2,0,6,7,5,8,4
725,1,2,5,0,6,4,7,3,8
726,2,5,3,1,8,7,4,6,0
727,7,1,2,5,4,3,8,6,0
728,4,0,1,5,6,2,7,3,8
729,1,2,6,3,8,0,4,5,7
730,5,1,3,4,0,6,7,2,8
731,4,1,2,7,5,3,0,8,6
732,2,6,5,1,7,3,4,8,0
733,5,6,8,1,2,0,4,3,7
734,1,5,2,0,6,8,4,7,3
735,6,0,2,1,4,5,7,8,3
736,2,6,8,7,0,4,1,3,5
737,3,1,6,5,0,8,2,4,7
738,1,2,3,7,4,5,8,0,6
739,4,1,2,7,6,3,0,5,8
740,0,3,8,2,6,5,4,7,1
741,1,3,0,7,2,6,5,4,8
742,0,5,7,2,3,6,4,1,8
743,4,6,1,2,5,3,7,0,8
744,1,8,0,6,3,2,7,5,4
745,1,3,6,5,2,8,4,0,7
746,5,1,3,2,0,6,4,7,8
747,5,8,2,1,6,0,4,3,7
748,3,4,2,1,6,0,5,7,8
749,2,0,3,1,5,6,4,7,8
750,4,1,3,7,2,5,8,0,6
751,1,2,3,0,6,8,4,7,5
752,1,3,5,4,2,0,7,8,6
753,0,6,2,1,4,3,7,5,8
754,4,2,3,6,1,8,7,0,5
755,0,6,2,1,4,8,3,5,7
756,4,1,3,0,2,6,7,5,8
757,1,3,6,5,2,8,4,0,7
758,5,1,3,0,2,6,4,7,8
759,1,5,2,8,0,3,4,7,6
760,7,6,1,5,8,2,4,0,3
761,1,2,3,8,7,0,4,6,5
762,1,5,2,8,7,3,4,6,0
763,4,1,3,8,2,6,0,7,5
764,1,7,2,0,4,6,8,3,5
765,0,2,5,3,7,6,8,1,4
766,5,0,3,1,2,4,7,8,6
767,1,3,0,5,2,6,4,7,8
768,1,0,3,4,6,5,7,2,8
769,4,6,1,2,0,8,7,3,5
770,5,2,0,1,8,3,4,7,6
771,3,6,5,2,1,4,0,7,8
772,8,5,4,2,1,3,7,6,0
773,0,5,4,1,6,2,7,3,8
774,1,2,3,6,0,8,4,7,5
775,3,5,6,8,4,7,0,1,2
776,4,1,5,7,3,2,8,6,0
777,1,3,5,8,0,2,6,4,7
778,1,2,3,5,7,4,8,0,6
779,5,1,2,6,7,0,4,8,3
780,2,3,8,1,6,5,4,0,7
781,1,2,3,7,6,0,5,4,8
782,4,0,1,3,2,5,7,8,6
783,7,1,6,0,4,2,5,8,3
784,5,1,3,0,2,6,4,7,8
785,4,7,2,5,1,8,6,0,3
786,1,2,3,4,5,7,8,0,6
787,0,2,8,1,3,5,4,6,7
788,2,6,5,4,7,1,3,0,8
789,1,5,2,8,3,6,4,7,0
790,4,0,2,5,3,6,1,7,8
791,1,5,2,7,4,3,8,0,6
792,5,1,2,7,4,3,0,6,8
793,1,8,2,0,5,3,4,6,7
794,0,7,2,4,1,8,5,6,3
795,7,4,1,5,6,2,8,0,3
796,5,3,6,7,1,8,2,0,4
797,2,3,5,1,0,6,4,8,7
798,3,4,0,1,7,2,5,8,6
799,1,2,0,7,4,3,5,8,6
800,1,4,2,0,3,6,7,5,8
801,5,8,2,0,4,6,1,7,3
802,4,2,8,7,5,1,6,3,0
803,2,6,4,1,3,8,7,5,0
804,5,1,2,4,6,0,7,8,3
805,5,1,3,0,2,6,8,4,7
806,1,5,2,8,3,6,4,7,0
807,1,3,6,5,0,2,4,7,8
808,4,1,3,7,2,8,0,6,5
809,4,1,2,7,5,0,8,6,3
810,0,8,2,4,1,3,6,7,5
811,1,5,6,3,7,4,2,0,8
812,1,2,3,8,5,4,0,7,6
813,1,5,3,6,0,2,4,7,8
814,0,1,5,4,2,3,6,8,7
815,2,0,4,1,5,3,7,8,6
816,5,1,3,4,0,6,7,2,8
817,1,5,3,7,0,6,4,2,8
818,8,1,2,6,3,7,0,4,5
819,3,6,8,4,0,1,5,2,7
820,1,0,6,4,5,2,7,8,3
821,5,1,2,4,7,6,3,0,8
822,1,2,3,7,4,5,8,0,6
823,1,0,3,4,2,5,7,8,6
824,5,2,6,3,4,8,1,7,0
825,1,0,2,4,5,3,7,8,6
826,5,1,2,4,6,3,7,0,8
827,0,5,6,3,2,8,1,4,7
828,0,1,3,2,4,6,5,7,8
829,4,1,2,5,0,3,7,8,6
830,2,4,3,1,0,5,7,8,6
831,8,2,3,1,6,4,7,0,5
832,8,3,6,2,1,7,4,0,5
833,7,3,5,4,8,1,2,0,6
834,2,5,3,1,0,6,4,7,8
835,4,5,2,8,1,3,0,7,6
836,2,5,3,6,8,7,0,1,4
837,8,4,5,0,7,2,6,1,3
838,2,4,8,1,6,5,0,7,3
839,2,5,3,1,6,8,4,7,0
840,1,5,6,7,4,3,0,2,8
841,0,7,1,2,4,3,8,6,5
842,1,0,5,2,3,6,4,7,8
843,1,2,3,0,6,8,5,4,7
844,7,0,1,5,8,6,3,4,2
845,3,0,2,5,1,6,4,7,8
846,2,3,6,4,0,5,7,1,8
847,4,1,6,0,2,5,7,3,8
848,0,5,2,1,8,6,4,3,7
849,1,0,2,7,5,4,8,6,3
850,1,5,2,4,0,6,7,3,8
851,5,7,4,0,2,6,3,1,8
852,2,3,4,1,7,6,0,5,8
853,5,1,2,8,4,3,7,0,6
854,5,0,3,4,1,6,7,2,8
855,6,0,2,3,8,1,4,7,5
856,2,4,3,1,5,6,7,8,0
857,1,3,5,4,0,2,7,8,6
858,1,2,3,7,6,0,8,5,4
859,4,1,2,5,3,0,7,8,6
860,1,5,2,0,8,3,4,7,6
861,2,7,3,4,6,8,1,0,5
862,1,5,2,4,8,0,7,6,3
863,2,0,4,7,1,3,5,8,6
864,4,2,0,7,1,6,3,5,8
865,1,5,2,3,6,8,4,7,0
866,4,2,3,0,1,6,7,8,5
867,2,3,5,1,8,6,4,7,0
868,5,2,3,1,7,8,4,6,0
869,6,8,1,5,0,2,4,7,3
870,5,1,7,0,3,2,4,8,6
871,5,4,2,7,1,6,3,8,0
872,7,3,6,2,4,0,8,1,5
873,1,5,0,6,8,2,4,7,3
874,4,1,3,0,2,6,7,5,8
875,7,1,3,2,0,8,5,6,4
876,1,2,0,4,6,3,7,5,8
877,3,1,5,2,4,6,7,8,0
878,4,1,0,7,2,3,6,5,8
879,7,8,2,1,0,3,6,5,4
880,7,1,3,4,5,6,0,2,8
881,3,8,5,0,2,6,1,4,7
882,2,3,5,1,0,8,4,7,6
883,4,2,3,0,5,8,7,6,1
884,2,3,5,8,4,6,1,7,0
885,1,8,2,7,4,3,6,5,0
886,2,5,3,1,6,0,4,7,8
887,0,7,5,6,2,8,1,3,4
888,1,2,5,0,7,3,4,8,6
889,4,1,2,7,5,0,8,6,3
890,1,3,5,0,2,6,7,8,4
891,4,6,1,7,8,2,5,0,3
892,7,5,2,8,1,3,0,6,4
893,1,3,5,0,8,6,4,2,7
894,4,1,5,7,2,0,6,8,3
895,1,2,3,6,8,4,7,5,0
896,0,1,3,5,2,6,4,7,8
897,1,5,2,4,3,8,6,7,0
898,7,2,4,0,8,3,6,1,5
899,4,0,2,5,1,3,7,8,6
900,1,2,0,8,7,3,4,6,5
901,3,5,2,0,4,8,1,6,7
902,3,8,2,1,0,6,5,4,7
903,2,6,0,1,3,8,4,5,7
904,5,0,3,1,2,4,7,8,6
905,7,4,1,5,8,2,3,6,0
906,1,3,6,5,0,2,4,7,8
907,7,2,0,4,1,3,5,8,6
908,6,4,2,3,1,8,0,5,7
909,1,3,6,0,2,8,4,7,5
910,0,2,3,1,7,6,5,4,8
911,1,2,3,5,6,8,4,0,7
912,0,1,3,4,5,6,7,8,2
913,0,5,3,4,8,6,1,2,7
914,3,4,1,2,0,5,7,8,6
915,2,8,7,1,3,5,6,0,4
916,1,2,0,4,8,3,7,6,5
917,2,4,3,7,1,0,5,8,6
918,2,3,6,0,7,4,1,8,5
919,1,6,3,5,4,0,2,7,8
920,4,2,6,5,3,8,1,7,0
921,4,1,3,7,2,0,5,8,6
922,5,0,3,8,4,7,6,1,2
923,0,6,3,2,4,8,1,5,7
924,1,0,2,4,6,3,7,5,8
925,4,0,3,7,1,6,5,2,8
926,1,3,6,7,2,8,0,5,4
927,4,1,2,5,0,8,7,6,3
928,7,1,2,6,4,3,5,0,8
929,1,2,3,7,4,5,8,0,6
930,7,1,0,5,4,3,8,2,6
931,5,3,8,2,6,0,1,4,7
932,4,1,0,5,3,2,7,8,6
933,1,3,6,4,2,8,7,5,0
934,0,1,3,4,7,2,5,8,6
935,1,2,3,5,6,0,4,7,8
936,2,3,6,1,8,0,7,4,5
937,2,3,8,1,4,5,7,0,6
938,1,6,2,0,5,3,4,7,8
939,1,3,5,0,4,2,7,8,6
940,1,2,0,4,7,3,8,5,6
941,4,1,2,5,6,0,7,3,8
942,3,2,5,7,0,6,1,4,8
943,2,4,3,7,0,1,6,5,8
944,0,6,5,2,7,3,1,4,8
945,7,0,2,1,4,3,5,6,8
946,4,5,1,7,6,2,0,8,3
947,4,1,2,7,5,3,0,8,6
948,1,0,6,3,2,5,4,7,8
949,3,0,2,4,1,8,7,6,5
950,0,3,6,1,8,4,7,5,2
951,2,4,3,0,1,5,7,8,6
952,0,4,1,5,3,2,7,8,6
953,1,5,2,8,7,3,4,6,0
954,2,6,8,1,5,3,4,0,7
955,0,2,8,5,6,1,4,3,7
956,1,2,3,5,7,6,4,0,8
957,2,5,3,4,1,0,7,8,6
958,1,3,6,4,5,2,7,0,8
959,2,5,3,1,6,0,7,8,4
960,4,1,3,7,2,0,5,8,6
961,1,5,3,4,8,0,6,7,2
962,2,4,3,6,5,0,7,1,8
963,1,0,5,4,3,2,7,8,6
964,2,4,3,1,6,8,7,5,0
965,0,1,6,4,3,2,7,5,8
966,3,5,0,1,8,2,4,7,6
967,1,0,3,6,7,8,4,5,2
968,4,7,6,8,1,0,5,2,3
969,3,6,5,1,0,8,2,4,7
970,8,7,1,0,2,3,4,6,5
971,4,0,2,5,1,3,7,8,6
972,1,6,4,7,5,0,8,3,2
973,7,2,3,4,6,0,5,1,8
974,2,5,0,4,6,3,7,1,8
975,1,6,2,0,4,3,7,5,8
976,2,4,1,0,5,3,7,8,6
977,4,1,2,7,6,3,0,5,8
978,4,5,1,7,0,6,8,3,2
979,1,2,3,5,7,6,0,4,8
980,1,2,0,7,4,3,5,8,6
981,4,1,3,8,7,5,0,2,6
982,4,3,6,0,7,8,1,2,5
983,7,4,3,8,1,5,0,2,6
984,2,3,6,4,1,7,0,8,5
985,1,5,0,7,6,2,8,3,4
986,7,1,6,8,2,4,0,5,3
987,4,1,2,0,5,3,7,8,6
988,1,3,8,5,7,0,4,2,6
989,4,1,0,7,2,3,8,6,5
990,5,8,3,0,7,6,2,1,4
991,5,3,6,2,1,0,4,7,8
992,1,2,7,5,3,0,8,4,6
993,2,5,3,1,0,6,4,7,8
994,1,2,3,0,6,7,8,4,5
995,1,8,3,7,4,0,5,6,2
996,4,1,2,7,3,6,8,0,5
997,3,2,5,0,8,7,1,4,6
998,1,2,3,7,4,5,8,6,0
999,7,1,2,8,3,5,0,6,4
