,Area,Unknown,Price
0,-0.401,NO,-0.005
1,-0.028,NO,1.86
2,0.525,NO,4.625
3,0.919,NO,6.595
4,0.779,NO,5.895
5,0.562,YES,2.81
6,0.158,YES,0.79
7,-1.022,YES,-5.11
8,-0.069,YES,-0.345
9,0.269,NO,3.345
10,1.846,YES,9.23
11,-1.766,NO,-6.83
12,-1.87,YES,-9.35
13,-0.948,YES,-4.74
14,0.289,YES,1.445
15,-1.928,YES,-9.64
16,-1.7,NO,-6.5
17,-0.723,NO,-1.615
18,0.613,YES,3.065
19,-0.548,YES,-2.74
20,0.669,NO,5.345
21,0.596,NO,4.98
22,-0.168,YES,-0.84
23,-0.295,NO,0.525
24,0.33,NO,3.65
25,0.797,NO,5.985
26,-1.259,NO,-4.295
27,-0.386,YES,-1.93
28,-1.219,NO,-4.095
29,0.009,NO,2.045
30,-1.926,NO,-7.63
31,-0.548,NO,-0.74
32,-0.36,YES,-1.8
33,-1.148,NO,-3.74
34,-1.725,YES,-8.625
35,0.858,NO,6.29
36,1.007,NO,7.035
37,-0.354,YES,-1.77
38,-1.695,YES,-8.475
39,0.901,NO,6.505
40,0.384,NO,3.92
41,0.14,NO,2.7
42,-1.34,NO,-4.7
43,-0.297,NO,0.515
44,0.11,YES,0.55
45,-1.607,NO,-6.035
46,0.815,YES,4.075
47,2.184,NO,12.92
48,0.76,NO,5.8
49,-0.101,NO,1.495
50,0.887,YES,4.435
51,-0.573,YES,-2.865
52,-0.477,YES,-2.385
53,-0.71,YES,-3.55
54,-0.456,YES,-2.28
55,0.174,NO,2.87
56,0.902,YES,4.51
57,0.8,YES,4.0
58,-0.159,NO,1.205
59,-0.151,YES,-0.755
60,-0.254,YES,-1.27
61,0.531,YES,2.655
62,-0.346,NO,0.27
63,0.215,YES,1.075
64,1.027,NO,7.135
65,0.11,NO,2.55
66,-1.116,NO,-3.58
67,-0.688,NO,-1.44
68,0.503,YES,2.515
69,0.236,YES,1.18
70,0.176,YES,0.88
71,-0.562,NO,-0.81
72,-0.094,YES,-0.47
73,0.47,YES,2.35
74,0.987,NO,6.935
75,-0.424,YES,-2.12
76,-1.759,NO,-6.795
77,-0.465,NO,-0.325
78,0.205,YES,1.025
79,0.708,YES,3.54
80,2.014,NO,12.07
81,0.012,YES,0.06
82,-1.257,NO,-4.285
83,1.53,NO,9.65
84,1.361,NO,8.805
85,0.282,YES,1.41
86,-0.336,NO,0.32
87,-0.445,NO,-0.225
88,0.696,NO,5.48
89,-0.572,NO,-0.86
90,0.304,YES,1.52
91,2.146,NO,12.73
92,0.067,YES,0.335
93,-0.165,YES,-0.825
94,-1.614,YES,-8.07
95,1.19,NO,7.95
96,0.445,YES,2.225
97,0.847,NO,6.235
98,0.603,YES,3.015
99,0.356,NO,3.78
100,0.138,NO,2.69
101,-1.297,YES,-6.485
102,-0.744,YES,-3.72
103,-0.431,NO,-0.155
104,-0.109,NO,1.455
105,-0.633,YES,-3.165
106,1.449,NO,9.245
107,0.658,NO,5.29
108,-1.433,YES,-7.165
109,-0.997,YES,-4.985
110,-0.046,YES,-0.23
111,-0.2,YES,-1.0
112,0.534,YES,2.67
113,1.036,YES,5.18
114,0.288,NO,3.44
115,0.714,NO,5.57
116,1.129,NO,7.645
117,-0.373,NO,0.135
118,0.443,YES,2.215
119,1.45,NO,9.25
120,1.715,NO,10.575
121,1.616,NO,10.08
122,0.154,NO,2.77
123,-0.512,YES,-2.56
124,0.576,NO,4.88
125,0.694,YES,3.47
126,-0.702,NO,-1.51
127,-0.343,YES,-1.715
128,-0.285,YES,-1.425
129,-0.138,YES,-0.69
130,-0.575,YES,-2.875
131,-1.102,NO,-3.51
132,-0.17,YES,-0.85
133,1.038,YES,5.19
134,-0.611,NO,-1.055
135,0.222,YES,1.11
136,-1.002,NO,-3.01
137,-1.29,NO,-4.45
138,-0.367,NO,0.165
139,0.946,NO,6.73
140,-0.306,NO,0.47
141,0.493,YES,2.465
142,0.516,NO,4.58
143,1.204,YES,6.02
144,-1.318,YES,-6.59
145,0.505,NO,4.525
146,-0.169,NO,1.155
147,0.309,NO,3.545
148,0.9,YES,4.5
149,1.178,NO,7.89
150,-1.011,NO,-3.055
151,-0.408,NO,-0.04
152,-0.303,NO,0.485
153,1.114,NO,7.57
154,0.298,NO,3.49
155,1.211,NO,8.055
156,1.621,NO,10.105
157,-0.463,YES,-2.315
158,1.617,NO,10.085
159,-0.656,NO,-1.28
160,0.35,YES,1.75
161,0.949,NO,6.745
162,-0.61,NO,-1.05
163,-1.977,NO,-7.885
164,-2.03,YES,-10.15
165,-0.173,YES,-0.865
166,-0.17,NO,1.15
167,0.236,NO,3.18
168,0.361,NO,3.805
169,0.778,NO,5.89
170,1.46,YES,7.3
171,-0.582,YES,-2.91
172,-0.269,NO,0.655
173,0.956,YES,4.78
174,1.425,YES,7.125
175,-1.093,YES,-5.465
176,-1.602,NO,-6.01
177,-0.055,YES,-0.275
178,0.027,NO,2.135
179,0.548,NO,4.74
180,-0.086,YES,-0.43
181,0.285,NO,3.425
182,1.338,YES,6.69
183,-1.786,YES,-8.93
184,-1.238,NO,-4.19
185,0.497,YES,2.485
186,0.299,YES,1.495
187,1.08,NO,7.4
188,-0.315,NO,0.425
189,0.461,YES,2.305
190,0.659,YES,3.295
191,1.427,YES,7.135
192,-2.095,NO,-8.475
193,-0.032,YES,-0.16
194,-0.251,YES,-1.255
195,-0.83,YES,-4.15
196,1.187,NO,7.935
197,-0.406,YES,-2.03
198,-0.131,NO,1.345
199,0.755,NO,5.775
