x_loc,y_loc,target
-16.611502112991413,-19.59855002161572,1
17.463206988046224,-2.6128071091231817,0
-10.630949440248365,-14.5644305678562,0
-6.3538657157010014,12.240618513598108,0
-0.12753247370654464,16.413137461893044,0
3.82709216692502,-11.42055336426595,0
-5.659023187173599,-4.869121087251296,0
8.090078231843535,-9.739484993818678,0
1.0650289045544206,1.2610700421779413,0
12.77325670764553,16.688088553334325,1
6.002704142915203,13.474765781412302,0
-7.1673110883582645,-19.45209247895749,1
-0.485268271678585,8.741603695420363,0
3.7966127788685,13.737019386892506,0
0.34334646708804684,5.034863471909329,0
5.685678931356037,-13.02586248843173,0
1.1203692793916211,-9.05841558747873,0
-3.617907174597619,-10.09096165273446,0
-6.890153916201438,6.949509127872307,0
4.906317830396844,3.9584117732807087,0
-14.925813969256495,-10.54061470947849,0
14.333312554149984,12.926519875169532,1
0.5619407146585154,5.78950826432413,0
-13.846604843046855,15.884188174340721,1
-6.796778893288806,-16.317594128761126,0
3.9447858778594913,-3.965886513939779,0
-7.0035876198239535,-12.585497427555904,0
-14.999251703180288,13.765677657791862,1
-4.097537285016198,-5.799606834274748,0
-16.618254807924913,15.172134316842303,1
7.892806753366266,-9.000731745583446,0
1.0282643620351166,1.9272680757207468,0
-4.430378120006013,-5.3342380745829345,0
-19.913950610081237,-2.9708146837322467,0
13.302388828460906,10.267530945287334,0
2.9271974977429025,3.9619952143544808,0
7.710211685257143,-14.52618481599767,0
-14.8680244689419,9.87664473252622,0
-5.154124193258788,5.291051776156447,0
-14.703942554706057,13.538186749738657,1
-15.38752883008895,-3.677048313611543,0
0.9277033077336654,0.6020642117585204,0
-19.510991387518004,17.119013989147774,1
-12.27900214362425,6.314791435399265,0
7.99207807530799,-18.301689874904667,1
-2.369079470428879,8.838854967667103,0
-1.3495847072974954,-16.96344010104948,0
-7.9540658411375365,11.01939220955185,0
8.427880010820555,-17.936957921317923,1
7.638172404078361,-12.489898495747639,0
17.287964310212523,6.205327707261663,1
-18.30887207186496,-2.8095083341644944,0
18.10421188124061,5.302464090830558,1
12.187933101643267,-4.612375580803025,0
-4.071941845377744,-2.1545928731984887,0
16.250533348622234,4.717996098404349,0
-14.835316455837116,0.3142133540630567,0
-1.2985589935329536,-6.748064178626274,0
10.806302774266584,4.403436359402239,0
-3.102999491170383,17.91306929362846,1
-6.190243469328337,-6.071634624645355,0
-3.9072402907933395,4.548601934526712,0
15.198058749143833,17.440771013622957,1
1.6787635602085516,-19.866607724794875,1
-1.0458447514630542,-5.205945499532181,0
-14.972558072860465,-6.526242234807306,0
14.020034554065482,16.334817745048852,1
9.596448904097521,17.08012864875306,1
-6.039833860496282,-16.342623522386653,0
4.107448656917747,18.881611316991318,1
-4.927652422416312,-6.436087989598853,0
16.7236290294614,1.4753894746310614,0
0.15924526265030892,-15.961055492048457,0
-10.319463944393679,16.435327791612345,1
15.243597717813323,12.02347993744278,1
-7.424281346254862,16.797203910798487,1
-10.57210147362377,7.797682986946597,0
-6.198601178433982,-19.47603744146197,1
-3.838761609590403,-17.339235373014013,0
11.163812208814555,-16.214560009406938,1
-9.93455342941822,15.259670777111857,1
7.913304247120312,-7.31507260305337,0
4.054270291051999,-10.45505805353522,0
-13.3147729294729,-8.557632987271662,0
-14.510019171938303,6.320785194861166,0
2.639360611746973,-1.5954246290700205,0
-11.193008629835841,-13.958707453186694,0
-7.34073147096662,-10.877598828638536,0
15.798969838585833,12.266776608518526,1
0.4429806514768444,-11.52504269599039,0
12.814005210430551,-12.732319957903876,0
-9.532537615787152,3.299811433068921,0
-15.719017183237657,3.5801203331417426,0
17.621876819423235,6.485708291496081,1
-8.846971664256408,8.03081845117216,0
10.974777627644379,-19.69837595889991,1
-4.692690147313225,10.081359810722702,0
2.2234132934553443,13.94913298932508,0
16.43286147840149,12.038792292426123,1
-10.228275723084067,-12.414473484076765,0
0.9019138483904463,12.300672513578547,0
-19.225855689463152,19.857463416117483,1
-9.18303976167877,-1.606030025043765,0
9.018862790682412,-6.204467429771853,0
17.582267840720412,19.220827923822064,1
-7.369693373803319,-14.86872199936277,0
3.0882636069944347,-7.9523761718851524,0
-19.870892995695012,1.0468581369311316,1
-18.639168247427524,6.532123284178375,1
15.536176492791476,-5.040555805884592,0
5.211717644352873,1.4996871002085257,0
2.3935974379259264,19.79882396632474,1
-14.00456876768816,4.7122708652925205,0
0.5501892228698324,1.562239021953058,0
10.333795501307126,-19.324865338523438,1
-13.938033320774622,-10.326882534107899,0
-14.869535012379092,7.087971110329995,0
1.4933573996015284,18.725684246549783,1
-1.5729981437205929,17.217188187906075,0
0.4992439284846881,12.238512013281074,0
9.012755728179492,-5.387339978896639,0
4.570758422553752,-14.983319062055784,0
17.69077407606774,-8.993543522521437,1
-12.468415917188649,-11.965809315004158,0
-14.2566386885603,10.949996431403694,0
11.133128601123357,-16.795163032467176,1
16.073154232459963,9.658587225497904,1
-16.120847535389522,5.840207600031881,0
4.041054020273663,-4.825323901994661,0
16.542304931184546,17.910393120471376,1
13.136572534876748,-9.824492165931066,0
-11.16682123283633,-13.247985795455005,0
10.7438662180876,-10.621579811467509,0
5.811388308231177,4.056355473503615,0
13.791713368968502,18.88095021894179,1
0.32433644502186,11.466614283663553,0
5.886992070302423,-3.2577058851341754,0
17.122530806093202,1.4551184981374767,0
13.33855400050286,-16.503498214454165,1
15.579333680047263,-3.2452075005847014,0
13.196275489512871,-10.59407361155882,0
-7.555254675682983,-15.140818785027545,0
-10.450001228964867,12.368418493151609,0
-11.731863896231003,-10.136671934562656,0
-2.8394593163420296,-1.2248594056077238,0
-15.398772760144439,4.033695351140388,0
16.51038169882966,-13.66548603474798,1
-0.48289970597783594,-5.75933643944623,0
14.25496936873759,11.130019819565945,1
10.492824891861872,11.172744336262006,0
-3.3292451695733476,13.30976674271929,0
18.058347572408948,8.518787632330355,1
-19.63943443117151,-5.32009224894658,0
19.696400070798383,17.908646516049316,1
4.881104470414005,16.784748640590735,0
9.31630891654315,6.614556357060653,0
-8.383102091229402,-18.109245999640848,0
3.2480210385620225,-17.75441962060369,0
4.765922173019042,-9.052818870761122,0
-1.156500435970706,-19.587167916942462,0
-17.673359415461462,14.290638169208677,1
6.0218846290497225,3.255731159775049,0
11.811087917617733,4.028686440187357,0
7.094013490380252,0.6267873557288368,0
-8.462459076438154,16.379855871639094,1
8.660922167072023,-1.897956558075439,0
13.413913723760217,10.450257822857601,0
11.786712112172065,6.278939069908446,0
11.374760585692279,14.241009180721996,1
4.291590572913904,-10.63275239934638,0
-13.997798429961934,10.935604019736168,0
-12.409189383512897,-9.736573396178558,0
-15.510443646030172,1.1367449283743305,0
12.655048407887662,4.453491621291125,0
-3.316168267476659,-8.667546037827648,0
13.336316311571878,-17.833884092367484,1
8.445525309338503,-19.296128463180118,1
10.644351796429369,-4.672617616004736,0
-6.087603855799246,13.310357831596363,0
-1.3430209821393326,3.6893411321663336,0
-0.9248834613728931,-13.077271208260118,0
17.51425564491408,9.177693643532226,1
-17.467736482962117,-17.339805302735286,1
-15.419257586201653,10.385817167509114,1
-7.479851944625008,-12.522735080695728,0
3.3144958121254895,7.0223238028165085,0
-11.81020705303541,-8.101345260313817,0
11.310005149680794,10.502797521954076,0
-5.0079583891979915,1.8392131978800528,0
19.023949773352697,-7.460613105865757,1
-0.4061540047362229,6.846968332684892,0
-0.8345615241851156,4.262966672176528,0
6.759602725035222,17.114390575104352,1
-12.240991444103543,7.752335290154825,0
10.499766006341464,-6.157211875683242,0
4.736686026621673,-14.677517789670409,0
-10.62589309853109,19.462129959661524,1
4.04426385105214,-16.062990197338006,0
12.538499877410125,-8.528501231275847,0
3.5161222958034166,-18.90653185396006,0
-1.7011544943946042,-9.200966221603286,0
-5.0209862192940555,-0.9375478832806685,0
-12.971691195834293,-7.325623564890172,0
-14.59247073886142,11.698577473069783,1
-3.4915426445538245,15.730426869234726,0
12.309214710152212,-6.79136357916903,0
12.126727351201005,-18.78497294388621,1
-11.497680039439896,1.1529058907945426,0
-18.176235601394627,3.0170448176546607,1
-12.589531329623371,2.7646467775882684,0
-7.380370554210277,-4.649036850810084,0
6.926604043625876,9.376511766483688,0
1.2283500627950694,-6.197143053325185,0
-6.640632372134787,-15.085825256153825,0
-12.941256108392224,-7.321550697861481,0
12.84905644015798,-4.173141416511852,0
-3.130278069551661,11.509511824843834,0
1.3350013176495743,-3.073432795616675,0
2.2225513235309293,11.540872828673926,0
7.691206538326966,-7.004441900448629,0
-16.523299975106998,3.647796134506308,0
-14.849918113751537,-4.401659263564062,0
4.274415814336475,19.949705675014314,1
2.3060070633749206,3.220971152675812,0
14.234233817719328,-10.647082232590815,0
2.2945036815436346,2.369844265143737,0
-18.030707025579453,12.860984433177514,1
-18.1120152603188,10.955747223919595,1
-14.069020243686637,3.0099793687918677,0
9.413869760615562,-2.872436543658054,0
-5.125111912016722,14.907154479804603,0
1.1106754805896166,13.959902408871258,0
-16.453593424470526,-6.252006303712294,0
12.38775564840104,11.579541823678529,0
-19.64668474112536,15.519153415777183,1
-0.07270805305033079,0.2431235464746706,0
-11.359169578688434,-15.17081675541224,0
19.25166629589937,6.385414454348876,1
-13.673350330567695,-7.85764483300397,0
-8.65866178042297,-16.513721537851374,0
-17.748205757391403,1.8331928525473309,0
-13.441033125856293,-14.18626792368939,0
-5.245178693544634,-10.300957006171103,0
-12.213212550373003,18.995221758233463,1
2.773798296577308,-7.050211332820947,0
-15.881642530182663,8.996809101990884,1
-8.241082582232604,-7.922147373961565,0
8.755776027450963,17.756553312035898,1
-0.6540937140416894,-4.25306096127553,0
-1.0047614046121325,-3.9795658108996577,0
4.17230405099053,-1.604852278334377,0
-13.830567885315709,3.071639474885437,0
14.238819051585082,5.02851715317729,0
5.026012062762149,1.6351205868244065,0
-10.85403403034329,-15.711744661705778,0
13.99903876369224,-17.656509659927835,1
15.26599004167386,-1.0020420077888375,0
12.569999330086425,-2.9292961218142253,0
-10.726369346034947,-16.03278873661228,0
-5.115797880589913,-5.054022627275119,0
8.46152048838793,4.664920725753696,0
-8.092820856189551,-14.689029043188363,0
17.586105303465665,8.965083918213722,1
14.39030472650721,10.257545720014537,0
3.197736380430225,1.8865559676990031,0
-1.139363466851755,-10.675275201767619,0
-3.643433876019756,2.7013768277255394,0
-7.029639570728911,-12.756124283573538,0
-9.129115524468524,-0.4129650826264637,0
-6.343147689912779,-14.120412716930716,0
9.331362856552058,-4.206200790371222,0
18.039997709658834,2.073548321486957,1
4.3759496385680166,-15.444154119731639,0
7.780161234173718,-15.857414024482988,0
-8.530249166309027,-5.168673749455195,0
-4.527679401956801,13.697501537967234,0
-1.2964687784384132,-19.136120519196268,0
14.809100773989748,4.4255948658873265,0
-10.120545798918812,3.1021760103897122,0
-18.878545467925147,-3.1839892494768876,0
0.5794075516760699,-9.369547424178384,0
-16.497124644420612,0.6841056363601012,0
-5.443612855504284,3.057362744806838,0
-6.24725378719333,-17.09151141520205,0
10.751813536594653,-12.355484926788591,0
-3.8219208945728482,-2.0436554562821208,0
-19.445953493366478,-11.99464256521427,1
-18.451306691475633,3.765330755287728,1
7.494544683151393,7.554083757026323,0
0.20845353852417503,15.074403786609388,0
7.090512735525611,-5.621128880106259,0
0.5807468231585773,10.513834515786304,0
-5.606190267002184,-15.592884056826879,0
-17.573902521654663,-19.9502545085198,1
11.071962056376591,10.922617983850301,0
14.547347044765608,-12.755087616584584,1
8.907824509396733,4.005639077549251,0
-6.679052449488738,4.709886440727811,0
-10.236013589904388,4.176594564059354,0
-6.173353703093447,-2.6339005752477753,0
-2.2226873674867207,14.467665882515647,0
-17.275800699236086,-5.713337328617506,0
-5.961221338900264,11.003799183011438,0
6.7068483406798265,11.758503707550467,0
-12.664368021127249,-19.289907652654964,1
-18.44045177525896,-3.401459475730274,0
-19.489614304653458,13.764499710472066,1
-12.377810186082696,12.461523237741496,0
-15.69322785872663,1.2145785746561408,0
2.4181397887804224,-10.552899742230405,0
7.031887107890459,-18.81327260831114,1
-7.887395096168298,1.22113124320785,0
-6.677088489056029,2.9359502285791095,0
-19.585449312531292,-5.072064749900239,0
4.240866668148271,12.746536342125722,0
-16.449779276824383,17.92908421278363,1
-16.86061873468788,14.518659332482052,1
4.258756189073253,-5.474547225269131,0
-6.478886061276494,-2.864485735989952,0
-0.6504757949872975,14.138547200114516,0
8.366605272023008,-13.70751528868945,0
-18.398374747522528,13.206650912256983,1
-8.695862260471783,-7.133779194232922,0
-10.32013465452604,18.01125596243301,1
12.394715223151394,-0.01974052229811818,0
-10.614973999705919,-7.09606242474246,0
8.424340019754105,-13.178216103612996,0
-0.40243427568464796,-5.0918421886982745,0
-11.947823314120022,-18.22469026001256,1
-12.053059237095312,12.73311677381372,0
-13.902919852490715,13.57347934929409,1
10.079422915845697,19.688238606654096,1
-14.001876277534105,-3.7179426272099967,0
3.5112361424038774,-5.623845188450783,0
-16.50561330263004,12.840665895555425,1
9.505011866980084,-8.186480483031184,0
-2.569017102932449,13.066638174966265,0
-18.482938840131627,-13.333999791612694,1
19.6683279313311,-14.827311787644488,1
-9.442707321202537,19.880454376237694,1
13.886661556663682,-19.39921305223564,1
-18.077768221877935,12.069095829263333,1
14.63521189160761,-3.057718738826125,0
0.046169255543620835,-18.157965103827603,0
-13.855028566584595,12.70911489955661,1
-10.591437921979189,2.4653546310345718,0
13.951274702096029,7.104875675229671,0
9.150476544174637,-16.02732568542464,0
7.504390014118162,19.61759267316379,1
-9.883771072424995,7.350630919463931,0
11.369220757563006,6.203906858632472,0
-11.20596946377959,11.095265590174783,0
-10.465851523965814,11.580223030991462,0
-0.4642779705188538,-5.838937157538059,0
10.729780560712669,2.240606566867406,0
-15.798589227043859,7.054388221254886,0
-11.338582636796502,18.668696248510976,1
4.069830291107273,3.396587881506292,0
-12.516539266728142,3.0079285888766414,0
-18.792034860212127,14.761788656726289,1
7.4874529140945185,15.187491504761958,0
18.318301744553978,0.23906940054267167,1
-13.942404717125285,0.8790784533055884,0
1.8540487621204562,12.922675053869142,0
-5.8193103921390055,-6.114552834574409,0
-12.030848533442086,-15.77610258513625,0
-19.77469750139159,-5.066414463361442,0
-19.94890632242313,-2.24713517052313,0
-4.793564345796323,16.075896190855758,0
17.81611200835507,18.414038323092676,1
-14.36811839847917,0.0799331038098714,0
-5.758679882774267,19.157728358524196,1
-14.477727038980227,12.40533057906869,1
12.510804719162294,-15.082318229555952,1
-2.2120704316675415,-10.084691013510078,0
15.07502427211245,13.9048065637827,1
13.08258556444251,-5.991329890196866,0
18.860142260791392,7.819328718650766,1
-19.877729572337795,-2.2519138670908525,0
4.5608448908940815,-7.599863845024295,0
1.1043676860663254,8.392980171862124,0
15.595260151908676,10.45222608719937,1
8.072624326551292,-8.579676153289109,0
-14.335806108355737,4.646848450451305,0
2.3601245163799156,15.544181307051247,0
3.44871149036976,-7.436822274444532,0
3.642261777306949,-5.716765998144471,0
12.68843789830894,-18.533553089440296,1
0.4707107669847943,-0.13637067761121102,0
-7.496925286138897,-1.461949966906051,0
-0.8560413283085495,-5.868523150130764,0
-8.631148745789288,-0.5880437885916869,0
13.781742564275234,4.677838368082092,0
-11.404950614860985,-19.774805663866548,1
17.480928999861142,18.622292286328623,1
-8.535257973585182,13.50648363446654,0
19.54460743823985,2.5154215802397637,1
-0.033316948681367364,6.446898796598028,0
11.46403405419866,-17.61554060732456,1
18.313209975198525,-9.130005288687023,1
4.673499165550176,19.898354005189688,1
-19.695983471628942,13.55316005088276,1
4.7883098548118,-8.407361662035333,0
18.292085166221725,0.25746141149971535,1
-18.547391104706907,6.611224997084154,1
18.9993255628262,9.528440622953255,1
7.424800623534118,-13.989903517387624,0
-0.5802975882979844,2.063225564485105,0
15.31375540983288,13.23269608653645,1
-18.304661033481544,-17.913542782255135,1
-17.73964211609416,-12.390137704799645,0
14.33094567006232,5.938296939323706,0
-12.888946227300462,-8.771893099080398,0
11.613671506583746,16.073553798243722,1
-11.175649349485779,16.217342582827442,1
-1.8191122464398823,5.877112799364422,0
19.729611733392126,-9.16156683844088,1
14.071340802443075,-15.673171206746748,1
17.720409678753732,-4.441425859708566,1
8.023939718588267,-19.51184723531446,1
6.3649093567481,-10.693881041401028,0
-14.41251007861666,13.66085615234693,1
15.17211025020287,-4.610936881562457,0
-14.955006318368573,-11.26189541909898,0
19.936631734131055,9.932128287234661,1
11.532824085159447,6.360349119733616,0
-18.959576527451958,3.3132630590535754,1
9.01839495613881,-9.608772390339091,0
6.283565318372155,3.847120786632466,0
16.104022454766437,-15.447473844339461,1
6.960785004370035,-6.543192436147901,0
15.140783417255797,17.72174369580693,1
-4.617042416289481,-2.338056929705786,0
-18.463912223699186,-13.789039486449353,1
16.293238582824145,-7.276382810801877,0
0.26497910516770773,-0.16555949017079286,0
0.4772223680021135,-5.323052023667664,0
13.56658216654283,1.5440177247973175,0
10.072424590434842,18.86246186093723,1
18.25772009417308,5.569602256310702,1
17.504364621174076,6.135024803294197,1
-1.7272616756771306,-0.25020164526611666,0
-13.276727454141302,10.356009409128255,0
-4.976215644008315,1.4854239157519515,0
3.812806780340466,2.930932562401942,0
2.7150340266950543,1.7502452204628867,0
10.494522352213949,-6.488519530790121,0
-18.74700411441473,14.055444667625103,1
15.62860618057367,-5.459000486944671,0
6.899152077191157,-17.361122955452792,0
-19.925123678248326,-14.002588485420793,1
3.2803501395012837,-1.5412131781701213,0
-18.555196518282806,0.9024922628002727,1
-15.314166107500903,-18.718200485405923,1
18.84261304079068,0.40215974030260426,1
-14.986775511209288,1.5372553839008063,0
-18.02239021481896,7.987973211296119,1
1.9323903260798971,-11.939318751769758,0
15.801698843147364,5.429373874125105,0
-6.091387215591876,13.327221000390814,0
9.568510826380265,-8.845970125713807,0
8.258483390776231,16.89507941517811,1
7.548095508617912,0.12780018600217602,0
11.03176048672465,-14.553767751721342,0
-7.879209922887638,-6.449593311579509,0
-15.474952881996686,9.03494116392114,0
-13.135387093823482,4.118483935297597,0
12.309284070283539,7.187927561118471,0
-13.687168392061896,8.563003765716335,0
11.587839978898327,4.183391181424426,0
16.889563842265282,2.083234805193676,0
-15.266349867775176,13.796938959976316,1
16.962499155132548,3.5849410370929036,0
-11.592118276210272,11.775662421601147,0
-10.843767416310687,16.491420970338837,1
13.703997492049133,14.863347381937274,1
0.4092204304637974,-13.238475407459926,0
1.219915388771664,13.031847069689071,0
-11.349530692993323,15.18927161764703,1
-1.4208474325295306,-10.57919889904011,0
-18.751347660587257,18.590569826497884,1
1.5692851423684289,15.898210397087247,0
1.1011476632344532,13.95569821469067,0
-13.174467130430463,-5.607399393896602,0
-0.5790978441496399,6.85372354323102,0
15.766967642984625,-16.832710629933526,1
1.3289664514045896,16.225517282841928,0
6.391057527741182,12.651747998339182,0
1.094223044771656,-13.570028951640909,0
3.7398733195337996,-17.000053526026303,0
18.07593247036442,9.516408616511491,1
15.561599994958286,-5.491420914948009,0
16.017597556171886,-13.146029852386336,1
2.592054643243216,10.86542162746154,0
-19.714909270556337,9.54332960768535,1
19.21108331947468,15.068318052182839,1
-3.580406889172025,16.820590882730443,0
4.845794730806119,2.1436492784994208,0
-5.444652039379733,-19.218949986757377,0
2.355866276928282,-8.578391810679982,0
18.950819765190154,-5.998628001304848,1
14.588476454476265,-14.198927126340495,1
4.45191084861106,14.142346153661663,0
-12.778162880653884,4.206248487319652,0
-1.1981570676195794,-0.9675705475420244,0
3.5194456055764434,18.091542259812,1
-10.738233321257841,4.772049171585486,0
12.44803467528979,-16.058557205947523,1
-10.724282717869848,11.300700915592707,0
-12.865216668869746,4.432030580884778,0
9.97117599230862,-14.411938597945845,0
4.666256995645686,-15.687916831921322,0
-18.788342489966322,16.657237346784854,1
-17.163650105296036,-8.262563249039289,0
-7.959827598807653,-11.9370725420595,0
-10.068365264047824,-2.305877054491848,0
4.020129356793348,-14.003262364838719,0
6.960956329215982,-1.475889194606662,0
-1.8742286496846994,-11.14621635680379,0
5.413152248932512,-18.864235029563368,1
4.790526919613981,17.822093707074366,1
-9.572479785624367,-6.9863119375737135,0
5.248604895165197,-17.30808691578907,0
13.841730115140209,10.396914014666589,0
-4.544570920248203,-15.47270087913908,0
-11.094709010573936,19.039227828602492,1
6.807950019593882,19.314225337521357,1
-10.466798230664152,-3.5857622257894732,0
-18.32346735491191,-1.6682951723615282,0
17.8228473673881,4.8334329415287485,1
-16.54379623605223,-10.814856787338698,0
12.738388523061104,-19.159562706274937,1
-14.977342204065987,6.132669980065582,0
-4.89670932113134,-6.073624921234639,0
-7.74593568893482,0.5937474233027871,0
-3.6570843379178584,-3.504123679951494,0
0.4676407830877629,4.50669120537038,0
2.1771005256265,-6.354929447511735,0
11.290158870485087,-2.0557526334997043,0
14.372246656472917,-7.572837943977175,0
0.5190810491585616,-10.22304871131961,0
14.988855783439085,0.9944229086268841,0
-5.650364215169127,18.444574847903382,1
-15.125607490638018,0.47059498974530456,0
-2.934549998105865,-9.722935140460756,0
-6.382204631597137,-10.580554944012306,0
15.613661541733173,2.3283263370577387,0
-15.695429364695155,-7.0415298084075175,0
6.7437186133972915,5.770361731528336,0
4.560637327346029,6.393438203030261,0
-15.1430941093402,-3.4434646815472014,0
18.4508250281079,19.31214723018207,1
-1.6575259664607565,-1.97338917527658,0
3.361926982398561,-0.3428572461177062,0
3.056709323314468,9.220724092831635,0
18.99125447001277,-3.209638653548854,1
6.746738987109303,2.7277550450671484,0
-19.569916179892232,10.173320179001468,1
12.10864964539477,9.705735480178763,0
-7.312158360877001,-15.222157875439901,0
-16.13542646300822,13.69726788409946,1
-8.43420652546424,-15.241526804441659,0
-7.067884010787054,-11.393996799936822,0
-8.31679312013804,-3.881088179131634,0
16.394146452858294,12.731704435815459,1
1.719138047452617,-2.953076701643834,0
-1.3483547794736417,-8.195863392452312,0
-10.40767502657847,0.904565017715182,0
-9.454531936266548,-1.7295666034396007,0
7.334121965448752,-0.8212733526125575,0
-11.29855713561501,8.469873621163337,0
-1.5243489124171816,0.3422485707219778,0
-19.115527686193797,14.416247068577206,1
18.60493337571328,-3.271613742515239,1
6.6496627758445435,17.037587227958703,1
19.24200227276843,8.759471467326122,1
3.229245467951749,-16.539194821150502,0
-17.296870740844277,-4.937218156776137,0
7.172824833266542,1.952780888650775,0
1.728759585914986,10.253943701873244,0
17.004032465858153,-9.911327593680316,1
-8.200141844519827,3.7463775131272534,0
4.840261282132797,4.286290880114535,0
-19.550450445278482,14.122566798136596,1
-18.70251368877573,17.875404957983008,1
7.646372315521258,-19.32503022340894,1
-10.558203164208141,15.533387486423216,1
14.624856658310918,-16.769879869514345,1
-0.32084176288024224,-10.628938646047242,0
-7.486452101955589,-16.39523907865612,0
-3.4718415225384334,1.9597901322904896,0
-18.94702259227994,-10.218448469315081,0
-19.26279322071748,6.892208904564562,1
0.6482051878509196,0.040444187628466466,0
18.600048472827055,19.00095550822018,1
12.93770653441375,12.785159232329768,1
-17.26419582312119,-3.769566114821721,0
-19.023068894637106,10.96667333371462,1
-17.697187326519913,7.052658217874445,1
6.760714201488582,-9.771734256094465,0
5.098028817537731,-11.91620493425722,0
-8.318591987416575,3.96893375115393,0
-13.050151181182642,-15.542121819635888,0
3.361250015317662,-13.5008547995945,0
-3.1741469427959785,-11.09068489927548,0
-11.368384081447678,-2.3249425571276596,0
-6.49196394523592,3.0243924529514317,0
10.452303729316931,-4.551755555442334,0
-13.901139554538634,11.402688039084481,0
4.570453538063859,-2.489137399938901,0
-7.870403601865576,3.2701513126463126,0
-17.116521857604084,13.123360463603142,1
14.41599910885661,10.774458310702762,1
12.12333362676128,-9.329069650081738,0
-16.108028863362748,-7.791633233397297,0
15.291915152348764,0.5054648508096307,0
7.340862527656444,12.571763875544825,0
-12.543072274116556,2.371415009294285,0
1.050925187664081,-16.720942140246876,0
-9.313913398413835,-3.7683070295552348,0
4.080597293149026,-8.864334694804011,0
-16.676688323773313,16.740390470979243,1
5.324694115334069,12.097878246914917,0
-6.947380314891426,13.955849324547621,0
-12.557925471505257,1.34299968154928,0
2.1528154762800433,13.70504720991795,0
19.25546448631833,-0.5975549929036248,1
-2.9500057744608164,1.5577104271536797,0
15.576404147133076,-11.861579802655076,1
12.769862133766942,1.4400133433074558,0
-16.570160250332652,7.846977147477084,1
-16.02688421698103,-2.293139247013407,0
11.137601629439704,-14.50333602525367,0
-19.75629315446524,12.502502073047893,1
13.175077839551804,-1.8410159475880725,0
-13.75859151984356,10.202768273405741,0
7.2000861036376165,13.676772593945323,0
-16.23245089468648,-0.6584481411449303,0
-6.488095134829921,-12.950178148110506,0
-16.35571896484114,-8.470669128410169,0
3.5553458903925304,14.118803168587576,0
-17.011306563758776,-10.609473813923685,0
-0.36141790799268847,7.156167880179517,0
-4.595093432758791,0.247869079284591,0
-8.437643565827525,1.9878063909386476,0
3.7049550695815654,-8.523229753905678,0
4.705254524563628,11.340012035103591,0
-19.237143966591567,9.366896932252597,1
18.793730534569065,7.847085757027614,1
18.599662877902567,12.016133886219983,1
10.264424433156027,11.835837159483269,0
-11.352680756303863,0.0008743337923142747,0
-0.09310834507141763,10.768734031504785,0
4.497825868235456,9.474289101974147,0
10.124483081494887,19.804703714851136,1
-1.9044211760562106,-16.951367248972726,0
-3.3641482808912784,-18.50336023041219,0
3.2241078078405785,19.904792390572,1
12.650197551801803,-7.575728141116489,0
-17.42363864904987,-0.7923537025407015,0
-16.142793779879664,18.312470170148195,1
10.118578921359692,-7.2870972415224635,0
-9.743995281816776,-13.831545658313722,0
-8.846152058005812,2.835023866147335,0
-10.234869870778557,-11.453372497013707,0
-14.781125929873834,-16.76220113174303,1
14.850823297679277,-7.235891369164861,0
7.53011187452978,4.800139688396584,0
-17.53445606428635,5.3234770218709535,1
-5.508166638482939,9.613753560499237,0
13.117151520489394,-18.07943757130994,1
3.2409786717222957,12.476163341718667,0
-9.158638936296693,11.190971236967702,0
15.879464745356223,8.844466320078674,1
-17.882821842336355,-14.219830751165423,1
15.727070033314078,16.183032852106095,1
-10.88792470825037,-17.475844706134325,0
7.4330257199542125,17.85718982496327,1
8.249717074249894,-15.248516776400521,0
-0.6948382294424782,-12.971336545910397,0
19.740901152358802,10.604821127046698,1
-16.415702092206033,3.9129568140687887,0
-4.135933400721843,-3.632841527503146,0
-4.866941946053673,13.895226858662774,0
8.450740379139987,2.936468567716645,0
19.441337708862598,-5.9011162566362785,1
-2.5794324858216235,-15.163545144378197,0
0.7679063634063326,4.3561661475381825,0
-10.736820083079458,-14.501013507909812,0
-4.252406850983611,17.805361156759986,1
4.47599052698029,2.9631338069655513,0
6.554368076158632,15.894907772156486,0
-12.869136486199796,19.060389870765214,1
-15.117619508381894,15.023327460178798,1
3.116095881845812,18.82381162275579,1
6.554485240536838,3.2446099156979322,0
11.731798440950069,13.900718991337882,1
13.25460695366636,3.9810844981317004,0
-11.931669376205893,6.552467995323493,0
0.624609712377957,-19.38375113666476,0
3.128536974094345,-15.65522718006795,0
14.367189557581298,9.18536906076897,0
-4.912028647253809,8.184988383378133,0
12.81950024551864,13.310748354985165,1
-9.739839251756157,-10.541434842542818,0
13.317659388778779,14.14429713672169,1
16.15177780919214,18.261361023776963,1
-18.469848952041204,-9.608168030103904,0
3.9879640083602936,-19.90031637578888,1
-10.592623443231552,-0.12798432865501397,0
-14.223695568093255,-3.5517889177022326,0
12.896247129621315,-3.4240325634791624,0
-2.5813927306474937,18.28590174601092,1
12.546711341538014,-10.693756136267908,0
17.30179982078998,18.9452469042173,1
-11.868915303626801,1.4548605623388227,0
19.39911477148477,-15.387944426251966,1
-13.31040443219203,5.815079328598056,0
12.092635036403152,-8.603112621558475,0
18.674585545727382,-18.63538252270033,1
6.507096274677444,-15.289156487667071,0
16.112538332026496,17.741557916254123,1
-18.23203917049979,2.47726021538039,1
-11.17684953267274,16.571993908271317,1
4.673302914864902,19.227547303324165,1
13.48996955460371,5.801779002489447,0
9.378943228117492,-1.6246146658019782,0
7.9366771506111,-12.248084335442497,0
-17.800956418384253,-3.889258799536279,0
-14.091372981290395,11.719264471060377,1
-9.745562090444162,14.750863399053245,0
-16.88054881395058,2.710510212298651,0
18.382631713987436,-17.804521839912283,1
-14.770195697938643,-5.835822798873632,0
-12.81977155252116,-10.823539215625203,0
15.454181465291093,11.94603292288516,1
-8.178971196899605,-16.98073800399948,0
-0.16591599203920282,-12.160094853781743,0
-8.609528263624755,4.586904025423703,0
0.07959463996862581,-8.774828484929436,0
9.898568871648887,2.5782522905899263,0
-0.8789378109087487,4.481781919176658,0
12.266508925158575,12.438998634936816,0
-11.040121501088693,-9.923450473429751,0
-18.90378846278984,-4.282691522044431,0
10.31251366207242,18.111034278865084,1
17.14912924161829,-16.744114397450808,1
5.051654969266156,4.794446278186516,0
0.25046548501313026,-3.343904528159662,0
-4.978360068620171,16.816257084440338,0
-9.195889157097866,-9.533571750871857,0
14.8568013580864,7.503464938974787,0
5.458492409867507,-5.266956377275331,0
-18.722440195764282,-16.11284572972721,1
-15.90752161927162,15.800859330980245,1
12.188843021060308,-5.533177275916046,0
10.666400186753616,-7.316526351341967,0
1.8387135876529257,-2.9212005647275454,0
-10.296234598898945,19.145954480776645,1
-19.45330578640128,-4.029078699165893,0
10.25425195154908,14.208454006705985,0
8.494023837662112,6.037448815557987,0
18.074551056110366,-11.636936107393296,1
4.485416885428165,-16.274674452041786,0
19.20601759192933,-2.5433930750500338,1
-5.845896741709735,14.863688141747687,0
5.594771979849348,16.862171038680103,0
3.340027484199112,19.56253733124177,1
19.548312125662,9.215345082913473,1
-10.135181416741226,7.126142622523556,0
16.79336585475157,12.357729668625467,1
-1.639359091101685,-2.3231515777803438,0
-17.65158707110391,-17.535595700435124,1
10.539782383043072,8.854505713442386,0
0.4621512971270576,10.060936088003363,0
9.472930767714708,7.3909989733856065,0
-18.56976179846086,5.399302008370221,1
-19.888586114324895,17.67008882783469,1
0.9726540138940223,-12.978238560165224,0
18.184217719248487,10.136095564802439,1
12.446859984717221,4.59869210750221,0
9.207032398431,-3.1207505562879554,0
-14.754686604321442,-8.96314652809342,0
10.320991036611286,-6.007716880400178,0
-6.365301959759044,-6.572780269923131,0
19.602619255172876,-19.33012467963863,1
11.170676564448833,-10.263313220523349,0
2.2835268138003997,12.745617151243287,0
-3.630839969127365,11.783433618927909,0
-18.75250838046679,18.12010394542557,1
-1.7275706426541113,-8.904481874479075,0
-8.113985630747408,-19.853295977102427,1
-2.3262488702130497,-1.7988612619207132,0
-17.851555229762717,-5.021512539077202,0
-7.732060475460166,2.4572610199839957,0
-6.538121160809487,10.12924289494186,0
16.838963294051112,9.341357206090152,1
7.726706456972352,1.4220918190735752,0
5.805175460389638,-11.534484935250946,0
-9.558342077464683,11.149447441906627,0
