Speed_ms,target
9.99,25.78
23.82,127.8
18.57,77.04
15.37,54.45
4.74,4.11
4.74,3.88
2.39,4.37
21.79,109.23
15.43,55.13
17.99,76.26
1.49,2.1
24.28,128.41
20.98,99.41
6.1,14.33
5.36,8.35
5.4,12.45
8.3,11.39
13.59,45.81
11.37,31.74
7.99,16.01
15.68,57.27
4.35,0.99
8.01,16.29
9.79,24.97
11.95,38.21
19.84,87.39
5.79,7.58
13.34,41.02
15.22,56.21
2.11,2.77
15.58,55.02
5.09,9.02
2.56,2.84
23.77,127.34
24.18,127.22
20.4,92.63
8.31,16.99
3.34,0.25
17.42,70.15
11.56,33.18
3.93,5.06
12.88,39.06
1.83,0.1
22.82,114.54
7.21,13.15
16.9,63.57
8.48,18.22
13.48,44.1
14.12,51.66
5.44,9.07
24.27,130.59
19.6,86.47
23.55,117.88
22.48,112.2
15.35,54.95
23.12,124.67
3.12,3.03
5.7,10.11
2.09,1.83
8.81,17.0
10.33,29.36
7.51,16.92
20.89,99.7
9.56,20.79
7.74,19.37
14.02,42.85
4.38,7.5
20.25,97.64
2.79,0.47
24.69,132.8
19.53,86.33
5.77,8.28
1.13,0.1
20.57,95.09
17.96,70.87
18.5,78.85
19.51,83.59
2.78,6.81
9.6,21.29
3.78,3.94
