Temp_K,Methane_ppm,CO2_ppm,Stellar_Flux,target
285.4,12.5,410.2,1.02,1
340.1,2.1,850.5,2.15,0
270.8,15.2,380.0,0.95,1
410.5,0.5,1200.4,3.40,0
295.2,10.8,450.1,1.10,1
210.3,5.5,150.2,0.45,0
288.7,14.1,395.5,1.05,1
380.2,1.2,950.8,2.80,0
260.5,18.0,320.4,0.85,1
190.4,4.2,110.5,0.30,0
305.6,9.5,500.6,1.20,1
450.1,0.1,1500.0,4.10,0
275.4,13.8,390.2,0.98,1
320.8,6.5,600.3,1.55,0
292.1,11.2,425.5,1.08,1
225.5,7.1,200.1,0.55,0
282.3,12.9,405.8,1.01,1
365.4,1.8,900.2,2.45,0
268.9,16.5,360.5,0.92,1
205.1,5.0,140.8,0.40,0
