height,weight,target
75.53,63.69,111430.36040297452
190.19,167.15,46008.783039983406
146.67,263.15,122133.91041732156
120.13,222.35,153864.60301634407
32.05,243.9,2374576.143335214
32.04,201.05,1957896.4961096216
12.56,210.76,13362784.61819622
173.37,256.27,85060.73820520418
120.62,82.4,56436.2633312888
141.91,151.93,75248.14550597403
5.1,74.15,28549599.297258236
194.01,296.42,78550.89532672275
166.66,283.78,101972.76791285591
43.26,21.43,114355.6044785486
37.18,214.62,1552083.0898960864
37.5,278.32,1979242.9373295526
61.54,62.37,164456.71962222765
105.43,174.7,156982.18266084383
86.96,275.49,364133.1496857671
58.95,19.84,56895.40336691254
122.76,212.25,140646.73855108095
28.76,96.23,1163282.8612711802
59.14,278.07,794945.056496401
73.91,291.61,533673.4300596062
91.76,283.84,336918.24214238307
157.25,147.52,59458.970517250295
40.74,259.99,1566635.4798309936
103.33,254.92,238541.32466525637
118.89,102.54,72342.97428063485
10.24,250.39,23861490.362791132
121.9,20.73,13751.73169473763
34.93,182.92,1498632.034412926
13.95,76.7,3943975.2826347733
189.83,44.96,12278.064115974923
193.16,32.32,8461.347857775423
161.87,211.92,80679.9981730808
61.62,108.56,285735.2011345701
20.44,220.18,5271598.909466942
137.16,28.95,15189.647668624799
88.59,101.43,129044.3603180468
25.29,166.45,2603215.1612321744
99.54,239.31,241325.65692384742
7.84,102.44,16651656.355235213
181.95,191.51,57644.38525865816
52.5,266.93,968369.0920929458
132.84,188.6,106673.99714380619
63.03,77.56,195020.95216266168
104.49,17.08,15439.146839299108
109.8,262.33,217409.52602709152
37.79,16.17,113039.27667528443
193.95,263.66,69894.23962070962
155.25,163.39,67588.95606269642
187.96,282.33,79714.25461461041
179.07,241.65,75158.60868847858
119.98,299.4,207779.34330603702
184.45,111.71,32632.718324220456
18.61,232.48,6712559.40639566
40.0,126.56,790776.461912052
10.0,149.16,14915505.387164809
65.74,191.98,444000.59804579744
78.35,263.37,428859.96738183586
55.0,295.38,976331.4943298369
165.92,232.8,84364.99785465804
71.99,131.15,252837.3243066814
56.91,132.19,408020.2836087043
109.0,223.9,188263.22915036947
29.04,79.25,939227.8331760496
160.64,42.04,16090.880555863634
15.84,112.84,4499637.921641298
197.39,93.3,23745.61109056396
154.68,95.93,39896.05797433622
40.54,77.75,472752.1898652011
2.1,22.21,50408598.39089974
163.28,15.18,5495.35918725581
141.66,296.44,147511.16124944054
146.07,134.05,62626.65919401523
154.48,121.45,50692.54453875074
15.73,207.1,8364456.596762338
72.33,73.29,139879.01772465932
24.06,285.49,4932355.849983014
172.76,238.04,79558.28519557761
125.04,35.93,22781.322520365593
66.85,131.1,293167.1297712207
13.65,264.94,14223397.651266914
62.89,283.97,717883.8674885675
65.71,145.55,336869.19991990796
146.19,187.89,87713.79773475436
127.87,58.44,35539.21252293729
177.56,297.44,94147.4817271432
94.97,77.18,85375.96924254172
24.8,283.39,4607780.667688801
142.94,198.4,96907.94292440766
152.4,186.24,79992.38048236932
112.69,158.68,124744.87425230972
154.42,76.89,32045.77776430091
99.27,61.19,61902.27879271591
105.02,73.94,66836.23182914546
86.08,64.07,86261.7130737822
6.06,236.08,64319127.07945137
22.47,111.54,2208796.143148735
7.25,26.77,5087428.74422407
127.65,291.04,178424.1358074409
63.56,266.3,659039.4019770231
102.21,279.05,266934.5480055534
181.61,298.52,90314.69696755466
50.61,60.43,235734.65224733052
82.67,124.91,182585.56128463693
151.35,229.89,100152.17756759751
46.53,211.85,978249.7684328636
16.32,54.63,2051163.001809632
58.66,246.59,716415.4864668149
33.08,75.09,685854.256466473
186.01,74.91,21449.667319182005
161.82,165.72,63090.570228031946
127.05,181.95,112526.75771377311
174.42,178.23,58383.15888624883
160.93,36.53,13905.409540117791
38.13,264.46,1819042.7634239318
178.62,87.02,27076.122068043078
108.33,47.56,40327.08643536346
161.68,267.74,102221.82858663592
179.32,287.14,89094.37862622815
64.28,260.02,629036.1330595191
22.9,244.76,4666998.258875487
46.36,200.02,930487.4530241692
85.99,169.75,229343.7388657496
163.78,35.23,12931.59211423808
172.29,128.45,43075.49743942828
2.38,118.08,207851844.98383194
102.64,85.33,80797.61089232539
84.06,219.79,310816.39983378025
45.2,153.8,752637.3262609505
24.85,33.5,542205.3990827561
68.19,73.85,158649.50617473628
188.64,208.15,58292.87327959351
65.32,32.08,74988.08741847741
104.24,256.85,236183.04622782042
140.9,153.59,77164.7700118697
73.36,149.37,277335.10505990486
194.38,181.8,47913.378277862386
192.53,249.16,67018.77444046397
51.1,110.86,424294.31318115693
99.95,206.62,206621.31349922245
60.87,174.06,469509.9719607569
57.68,87.44,262585.6411370291
8.34,264.8,38065863.37289302
122.3,241.25,161086.2474913849
101.03,200.95,196662.34923444054
11.24,256.67,20300465.101154514
56.45,261.52,820452.4955560985
181.74,215.43,65018.69621991989
48.67,252.73,1066618.377090196
29.83,212.27,2384625.6295560794
98.4,207.24,213830.37360331134
197.14,189.4,48530.93166406383
49.17,228.29,944078.3164128262
134.75,56.0,30636.37846147839
152.56,265.45,113849.23546999975
48.29,262.83,1126920.8378245642
145.92,18.48,8480.445277190134
74.19,249.49,453084.0858608764
126.83,47.37,29250.17901177181
127.07,107.18,66178.78605005675
107.62,225.62,194601.97971206263
18.97,56.62,1573583.5274933255
167.23,247.21,88202.26079523086
64.84,251.32,597664.847876984
38.12,157.17,1081522.855018591
9.11,11.85,1426543.508079891
118.59,93.24,66102.19938965638
135.84,188.91,102182.76640728043
4.3,294.54,159226441.42401108
102.91,193.23,182265.01964181272
46.07,85.34,401851.36527197435
129.39,193.86,115596.28175407929
35.7,166.6,1307035.413226191
138.5,236.16,122917.32249311577
77.96,41.02,67298.58999978066
187.41,230.7,65484.34515819246
28.37,166.97,2074784.2119221613
68.87,289.27,609634.4488500805
23.58,109.14,1962539.5145520705
185.01,193.46,56317.46063961188
175.59,280.29,90708.0939399486
52.33,39.73,144873.10452009368
132.34,281.8,160706.57991244845
163.63,209.49,78043.03602479724
111.48,29.67,23673.99943372452
106.4,97.28,85727.85768133524
49.13,215.37,892110.7744700261
19.53,29.53,774256.3903203524
179.55,178.83,55273.790587457064
180.18,110.31,33775.89591598082
126.99,190.07,117664.62168126524
68.47,23.27,49430.07257429601
70.49,262.75,528546.1494720342
145.47,292.31,137942.79887045047
179.52,290.97,90082.8911575648
177.53,227.4,71951.29545608266
156.2,47.73,19361.874606155896
128.76,229.9,138456.7786392818
17.74,17.13,543884.9543115356
33.16,16.42,149054.0219980978
179.81,103.85,31918.487802638876
121.68,151.71,102263.75424720456
2.83,233.42,291404329.8070193
21.19,208.16,4634376.186143475
133.04,139.31,78512.5417160732
2.01,89.35,221767250.75089929
33.0,299.17,2746829.9364769612
110.2,133.59,109810.64594646732
138.69,140.9,73056.38381862929
130.74,57.45,33410.73470700118
45.63,240.49,1154881.0330411624
142.72,211.17,103465.87309374401
48.21,74.02,318254.3951810958
65.75,33.89,78183.83909972115
149.55,207.34,92506.44217458673
130.28,199.81,117527.5961721577
170.0,89.25,30682.363717887863
131.86,285.75,164134.2343857003
114.09,53.81,41134.809077069
19.64,135.38,3508980.1278306036
74.18,283.65,515337.60720186005
53.78,131.72,455301.21899888257
49.55,195.17,794608.1578117062
194.63,125.3,32878.34356315956
79.23,89.52,142423.60072713948
178.52,295.35,92479.07732290724
126.6,128.71,80107.79643115893
159.17,269.29,106094.23906517892
101.02,76.69,74938.92513972492
115.8,71.8,53340.260250006744
99.01,19.03,19210.925419070063
39.85,198.98,1252615.2640079525
144.77,116.87,55565.79248684244
56.87,260.66,805656.8625761397
5.84,147.23,43185522.1454629
129.45,290.78,173324.73379907972
36.25,63.8,485468.7951069607
188.15,261.9,73781.38136006481
190.83,235.21,64389.2213231334
183.06,233.57,69500.29468528663
74.66,254.99,457229.21959953255
4.08,230.7,138867718.15879473
185.74,191.6,55341.165232474516
86.21,48.06,64468.27714524537
193.36,19.43,4997.30379013686
192.76,277.05,74361.76201958017
170.75,188.83,64566.73697451615
59.6,241.0,678354.9904394246
77.63,149.64,248080.75750514565
170.38,44.02,14964.427765873503
64.07,46.3,112608.57433910949
34.73,208.81,1731104.6765276825
111.8,134.79,107630.86662864585
187.29,68.15,19228.007085461846
139.51,152.56,78185.7875641665
114.44,28.62,21652.766187058096
20.34,178.77,4321723.530798626
123.39,88.01,57607.97118962146
198.02,241.29,61334.95962203425
28.88,100.0,1199094.6080490947
104.15,142.01,130727.88155460179
175.6,13.37,4136.053371472995
148.41,31.01,13878.37420140006
139.71,123.82,63241.120153738455
140.79,149.18,75056.98935698938
72.54,184.01,349496.9812890746
59.42,94.58,267639.14538078505
162.06,211.54,80344.37104831304
162.21,259.44,98396.25252074198
173.55,236.16,78208.6995204022
182.73,21.49,6235.505003495083
102.76,149.35,141240.0990167092
100.8,40.43,39589.18047339087
159.86,80.19,31180.012697484475
130.34,296.13,174105.59282578083
140.69,51.32,25728.826713076724
159.36,154.68,60705.11144559153
178.11,189.27,59460.77515098044
68.26,213.71,458457.9541573662
75.74,172.3,300143.59709847346
19.7,12.83,330404.0226791221
116.08,104.67,77485.4985353146
8.15,160.14,24093697.157657422
93.65,35.48,40252.617024859006
108.99,111.68,93824.0095599782
58.02,19.63,58106.22994308638
118.58,32.79,23119.516296765047
7.07,125.11,25032097.137710333
8.43,48.49,6819093.52758542
164.7,174.59,64163.1727723219
72.68,209.94,397266.0302846547
26.29,242.17,3504922.8705565874
104.93,68.04,61604.12740275407
154.23,58.57,24423.19207465466
43.95,40.32,208578.14350983014
124.96,194.56,124410.7499511277
17.98,214.88,6643534.320461243
11.28,19.16,1504389.2210069445
106.74,281.5,246875.61278500973
108.59,25.07,21063.39065775945
127.85,166.98,101955.62224612426
145.49,215.63,101664.99650360558
195.19,262.58,68717.24962198944
103.74,217.09,201500.1357023876
65.27,242.5,569057.3969032706
159.24,108.44,42563.79119043105
54.9,246.3,817111.8398507079
88.36,33.23,42370.446230938855
16.61,269.5,9764680.848721877
6.04,168.8,46196767.572600886
192.57,247.02,66413.43375820256
167.36,141.17,50201.787090076046
139.5,196.64,100847.37900939262
82.38,162.66,239468.7023714715
35.49,222.16,1764066.4772567023
32.13,33.67,325959.5958396755
50.8,27.5,106377.84643660078
110.3,81.66,66925.67764787456
143.2,56.27,27237.673298912247
132.38,262.82,149773.25754231535
56.71,73.57,228592.57013163602
191.02,293.0,80100.73772837863
147.84,107.7,49074.49407568774
111.32,62.81,50491.95682996236
122.73,239.01,158472.65221563473
84.5,201.03,281335.3700539329
50.3,154.48,610395.5707857271
71.84,171.06,331252.722714654
151.81,218.57,94637.25382003903
3.86,76.25,51062985.58531391
24.1,298.94,5147355.247373895
10.15,292.69,28384781.689520765
9.11,198.59,23955241.790271275
171.24,67.87,22945.531779609028
141.03,207.27,104012.13669746289
95.36,30.94,33821.06316482168
20.47,18.89,450638.49218196684
98.83,84.73,86543.28291408133
95.22,144.16,158794.59141023204
35.47,261.8,2081005.200853501
87.34,220.88,289376.3811595247
80.3,225.38,349316.186370914
123.55,133.39,87181.28887516036
127.38,110.32,67787.87794246328
10.02,117.6,11723557.139878431
75.55,296.42,519150.0858561858
125.55,21.63,13524.083309681375
101.12,261.44,255459.02270706784
171.44,177.82,60297.678420504635
132.08,137.2,78445.69192622142
33.42,220.32,1971985.0313709278
15.04,151.13,6678359.664284913
128.84,263.29,158408.9780455587
6.28,271.2,68859317.45972812
117.57,132.3,95512.49159683882
188.11,90.28,25314.51916024939
115.52,181.78,136019.83553446617
78.25,274.59,448292.4682022179
129.01,71.09,42511.50461111684
92.19,190.66,224121.42540132985
109.58,193.15,160662.77848911696
188.35,222.6,62546.92169806527
77.83,48.15,79286.72368864821
192.28,217.59,58654.96304808352
181.16,273.62,83168.0041150909
39.96,62.11,388705.738042332
14.8,78.89,3599903.6299464377
21.05,291.7,6580015.005159292
4.63,62.48,29195971.621582765
19.79,257.77,6578824.725394105
136.92,152.76,81286.93702339061
15.17,81.7,3551473.878243374
64.48,262.52,631280.59957619
169.13,139.14,48441.295615645584
5.63,159.3,50236240.49837009
163.08,114.18,42732.27567388316
57.09,181.96,558089.3988304388
24.51,57.42,955278.6762747364
139.65,123.41,63081.53032681887
126.16,291.13,182713.40522033477
175.62,84.86,27314.624229050965
147.28,200.45,92212.65880626957
160.89,104.31,40093.30710813916
57.12,234.31,717817.5267787031
36.31,47.95,363510.0782353698
150.37,291.25,128603.36673273376
161.56,141.6,54049.00636258295
198.11,78.45,19789.572790780097
83.11,31.31,45133.910030772575
75.03,59.23,105008.73687520181
155.51,160.73,66268.15953489716
68.82,107.73,227263.77475068008
186.22,250.38,71999.97652164385
171.82,134.96,45511.797455556
86.37,82.13,109893.77188122638
150.42,188.97,83315.50201831685
151.15,214.97,93886.88199368326
21.52,58.44,1261555.1456300577
180.61,58.61,17767.781256786853
101.55,20.63,19811.491654059893
165.47,223.56,81453.53487817268
64.69,202.5,483704.3964874244
179.21,147.64,45771.90486375135
78.45,254.81,413815.9233064525
3.16,243.64,244507048.27605325
181.17,179.75,54564.37736432432
19.17,261.8,7126726.244227457
64.54,69.69,167098.18127031755
190.06,42.46,11553.143109390086
190.17,88.23,24195.83291424418
115.11,26.56,19839.73804061124
126.74,164.04,101929.2773012915
90.24,281.62,345621.72429689206
59.35,21.41,60583.13716891394
66.4,45.41,102785.89652962345
134.83,141.14,77435.87780366908
150.72,280.82,123416.79613381934
158.52,101.69,40263.807407528424
158.13,157.1,62623.24238139624
19.15,22.06,601238.300303799
99.39,53.02,53472.72172937224
12.45,296.12,19091322.017406903
110.36,289.88,237829.63345822724
88.86,11.43,14277.297983053128
177.65,286.03,90427.26836160514
70.83,195.34,389151.39284062176
24.3,261.7,4432986.600850216
29.46,141.87,1635020.4217830452
152.54,159.52,68357.01584421293
124.03,151.77,98462.43865867445
21.12,203.39,4558098.792822252
17.74,50.5,1604924.8434536373
140.49,18.69,9270.114004264862
15.48,99.3,4143754.9423074448
164.55,214.36,78966.5919072198
141.54,68.54,34010.2590749468
17.19,205.3,6948570.293778844
17.88,291.27,9108072.722388707
197.34,37.23,9360.29422181993
75.48,205.05,359720.8852259287
74.76,138.69,247955.92107045103
162.75,261.76,98627.71880812128
189.5,61.37,16890.34079673883
197.21,210.86,54015.18318491943
150.92,253.05,110897.84676305328
75.88,283.94,492995.1224058377
17.62,208.14,6706568.024783813
155.65,154.18,63438.39705148865
112.12,189.18,150280.4995170239
85.42,261.98,358846.939282054
181.36,175.48,53147.625945368054
23.13,18.81,351484.55348377116
99.03,279.98,285272.88967401185
3.26,209.96,197639199.63902727
94.26,206.19,231848.31465141464
12.2,72.55,4870403.753689455
24.64,201.08,3310444.5980258114
24.39,124.22,2088381.2891996247
130.19,198.86,117118.86280479023
149.46,40.91,18114.01208590997
117.09,200.78,146242.6136392013
192.47,299.83,80735.38122951434
75.6,23.98,41760.55903004742
57.86,293.38,876243.3874503612
173.85,128.0,42151.19581749662
45.5,262.52,1268099.0243701315
192.68,236.89,63607.38416279987
3.42,174.43,149245097.94145337
194.01,224.15,59353.79651967772
9.59,264.77,28796148.403378785
178.34,127.2,39794.864436329415
106.01,104.84,93084.84687897864
198.6,203.6,51420.68346467881
15.69,244.28,9928261.479736537
111.22,231.06,186604.55029173693
193.89,241.37,64003.66209276828
105.1,136.32,123218.60663602274
126.25,247.17,154872.25378436968
139.45,44.86,22867.654944000824
91.45,167.9,200548.89202192015
125.88,11.67,7164.27194056796
117.28,104.13,75507.38595803281
180.33,116.27,35555.58847664443
10.04,124.89,12380045.765276218
56.91,211.69,653364.3561392118
190.13,122.68,33736.76216541427
178.16,140.12,43943.944040004906
91.68,78.89,93664.51115371722
124.41,118.24,76199.43678701832
56.2,75.91,240144.23304120897
38.44,31.23,211172.68181023083
93.28,185.0,212433.78955672332
71.32,203.78,400461.79868629796
117.15,189.65,137994.68638287342
16.47,144.41,5324099.594817184
194.9,120.14,31425.392221902148
197.26,260.37,66715.28994114665
139.93,160.53,81782.02513517706
107.68,148.96,128264.14941699825
62.6,17.44,44299.86729078283
162.95,108.96,40838.48853726604
137.26,120.26,63628.09549823625
33.36,125.66,1128867.9585023045
182.27,178.25,53450.97632822882
164.68,164.74,60544.07635351127
190.01,186.29,51399.03335804317
145.42,231.82,109424.15488243559
123.07,245.77,162063.11678727888
84.23,218.26,307429.6714464863
186.61,287.1,82242.73345314314
173.35,15.29,4887.492634884103
10.0,66.78,6679344.793317136
6.25,12.19,3124238.673034771
75.92,197.77,342951.77803027304
162.3,270.43,102463.34078912433
197.47,80.61,20472.593517102647
30.93,278.84,2913951.357736956
119.23,27.48,19128.2329539231
76.8,280.99,476224.0665034392
194.01,111.97,29546.948306017915
168.58,39.41,13667.821287792307
167.83,150.9,53376.15361109926
94.27,84.47,94845.46249537391
83.55,92.61,132475.05069655905
55.41,99.11,322642.22673328297
12.22,242.88,16267853.965800552
173.08,166.36,55332.59231246259
162.77,100.28,37650.940864523174
199.94,187.0,46575.475471731705
199.33,217.68,54586.982898346316
111.53,89.06,71397.33979077206
154.03,129.93,54565.20892288473
189.01,45.35,12493.638468281531
170.08,62.53,21417.516382554586
50.22,207.52,822565.3351383256
90.66,62.62,75986.51641791167
26.7,162.3,2275947.4427728783
190.86,215.62,58994.80359662646
121.63,40.99,27510.926954145096
46.5,174.52,806927.5615287217
134.67,84.4,46340.10040029858
124.01,289.25,187894.2472847283
72.27,150.23,287395.9804794973
23.6,243.74,4376774.380786052
134.64,169.57,93334.10939913077
104.54,22.59,20469.69046089681
154.69,193.61,80710.41255940415
104.51,285.91,261550.76747406466
170.58,184.47,63193.17456069409
110.83,247.56,201347.95642037227
112.63,266.42,209831.4048476713
175.45,76.14,24534.541742709298
81.29,71.49,107982.31625425097
27.67,187.18,2444817.4894796405
6.73,129.2,28543918.022778504
151.27,253.56,110605.53695443147
124.44,271.01,174804.35625276802
141.11,112.49,56293.08510629313
43.38,78.69,417973.66433771874
28.14,236.35,2985017.1094098003
3.89,89.69,59140116.20675798
70.77,248.56,496126.3952164073
118.39,132.88,94601.76022337419
79.06,203.59,325546.25616735325
88.06,37.71,48426.04243199459
180.93,190.92,58123.02830224943
70.3,141.01,285106.90954229434
103.28,180.12,168644.94457802974
156.95,58.72,23640.2475773701
79.91,223.69,350091.01236825367
124.8,260.21,166882.04114182663
172.61,72.85,24252.475084456677
189.95,37.76,10264.063687997219
30.27,16.86,183782.71688856563
185.39,196.17,56876.77583130725
98.93,186.06,189899.33511443934
52.39,168.54,613846.8255474434
92.37,77.26,90360.25983253402
196.03,123.36,31903.657155364173
99.03,182.4,185785.06183495183
66.42,154.06,349003.30780846503
127.05,296.46,183468.90055432962
48.79,49.57,208035.04375569985
16.1,211.59,8165997.157050432
26.65,127.25,1791921.1956708287
26.48,134.18,1913210.6637435993
31.23,218.1,2236235.147196922
28.63,210.81,2572233.7689952985
128.53,297.46,179852.1093815817
37.19,47.23,341235.693131945
69.79,40.19,82323.6740582134
179.46,220.06,68127.89114448502
95.32,177.73,195419.86271547832
133.84,89.51,49764.00905527457
35.29,33.03,265007.4988670013
39.27,34.84,225778.27017450673
9.13,269.32,32288311.365592808
34.62,65.64,547537.8637248338
56.44,103.78,325590.40877926594
36.23,75.73,576900.0910756222
18.65,112.95,3246486.9826307073
25.01,30.13,481674.5442653246
92.69,160.53,186625.703295691
42.06,29.61,167161.9930749185
73.49,242.1,448078.4781950361
101.18,77.78,75772.9079293938
138.39,166.6,86792.84919353473
8.82,265.22,34069406.39018849
160.08,198.75,77358.2850627026
125.95,164.56,103530.62668998692
17.27,104.06,3488658.539728408
174.84,106.57,34661.41163876075
184.25,204.15,59933.98333979731
13.15,298.3,17238489.268775295
56.1,201.93,641457.4358266004
161.43,171.76,65705.94917250972
149.9,221.89,98543.95184871339
37.72,144.91,1018300.3327274414
42.66,27.44,150582.92368179598
74.72,173.07,309750.4876558156
97.42,287.71,302951.7346937606
124.03,60.84,39345.902293716936
74.41,210.1,379221.42623749137
93.04,68.27,78659.54019348953
149.75,165.39,73555.54970365773
8.3,38.04,5521147.230537594
51.23,140.61,535443.7494384869
142.96,229.29,111994.58585557182
179.15,110.8,34322.962780138485
102.82,202.82,191637.19152121517
106.89,240.68,210450.25457634137
22.33,278.88,5594156.117716201
90.04,78.05,96078.30970104117
106.99,125.8,109698.8268137098
49.25,54.2,223241.18469432628
54.58,297.82,999561.9697132597
76.08,278.83,481530.4327965398
4.99,166.59,66790536.12664726
65.09,254.19,599700.5171598042
43.08,161.08,867803.6847852694
66.17,190.84,435633.78873057605
24.83,35.85,581093.0109119238
178.21,229.03,71910.95007836516
119.12,47.04,32946.19650851738
136.14,249.56,134446.2070666095
158.05,236.79,94597.74661678466
100.19,215.54,214519.2643867949
18.3,20.49,611729.9253381556
107.88,97.91,83919.95428219455
117.78,86.3,62011.51996517586
149.34,114.44,51110.89590963876
86.9,35.42,46698.86399115803
26.39,281.72,4045423.665682955
57.47,170.6,516314.0501669605
73.25,98.6,183551.39453547754
129.54,125.12,74367.84812796472
114.58,139.69,106191.45331711292
71.86,184.17,356424.15505284263
197.32,159.55,40779.03965707377
121.55,276.62,187034.2136220909
48.21,154.12,662957.5813612362
21.25,297.73,6590113.20387412
31.42,256.91,2602371.26971048
49.95,70.47,282286.6893257236
32.98,279.87,2573602.1874091513
38.13,43.75,300739.58008015
57.73,247.06,741009.1908306852
35.5,120.38,954940.8900859916
179.46,264.61,81966.14844645718
16.97,261.74,9092207.273184685
105.38,243.72,219277.6385699482
82.67,239.11,349673.1135177901
196.49,98.36,25274.716743180517
23.3,33.47,616477.9386132711
80.17,126.86,197169.54076199743
193.92,60.32,15840.23173392769
173.24,211.54,70286.83751766308
163.6,110.37,41037.68798392098
52.32,292.93,1069789.8787518328
35.01,195.88,1598230.3140989072
134.06,248.52,138080.77264107796
185.95,48.43,13807.51014779655
111.8,259.98,207815.57661422278
114.75,277.6,210617.38465400194
56.72,151.25,469998.0067420811
154.13,185.81,78018.17313342217
38.22,231.79,1586459.1251628974
65.41,60.7,141671.28807774387
85.66,155.74,212044.70523480957
102.01,125.61,120500.36299407434
49.24,52.45,216124.05005329527
23.85,116.58,2048950.1329812445
122.51,29.77,19634.04479060436
58.44,17.49,51002.825604181504
116.67,49.2,35945.795333367176
31.72,289.3,2875456.3357422207
96.75,169.36,180744.7757965674
106.99,290.09,253244.11350698216
11.31,135.42,10581372.609613746
67.98,100.43,217086.35796453335
27.75,156.78,2035970.52965993
13.61,137.46,7418907.695347822
198.0,40.64,10166.774302866526
65.15,195.84,461216.2362538939
162.17,72.65,27426.616608770502
51.67,189.68,710174.081476426
136.62,198.56,106181.37835641089
152.29,54.09,23122.673944424492
119.53,27.79,19250.964031146188
94.84,236.42,262626.51036543574
82.96,143.34,208092.98615307885
70.42,26.87,53972.167008167606
185.98,298.51,86106.89087892463
166.29,26.76,9475.59694044647
193.04,211.56,56572.46959361116
25.74,295.27,4458019.269654672
146.44,79.36,36806.57039344716
187.73,51.25,14342.775341766872
37.07,45.2,328816.13900377386
14.23,97.95,4835122.43864665
148.48,39.3,17626.879612887977
115.32,210.73,158256.2435502779
168.52,28.06,9681.79976723735
28.81,157.73,1899533.4298003954
159.26,299.04,117704.05373472285
41.12,246.05,1454718.111691105
33.57,188.41,1671943.3023188384
33.69,98.81,870448.790241673
163.1,190.93,71573.44823829722
133.37,162.84,91342.45023355653
105.09,133.56,120739.19152342483
72.41,47.91,91174.64256648444
175.56,267.12,86462.87822455796
79.1,140.44,224274.94145211027
163.5,66.44,24653.072932036066
88.39,116.65,149113.96318313706
76.01,130.1,224967.51184113277
93.07,249.99,288379.6192200179
60.97,222.75,598931.2422816317
149.77,233.1,103711.81355789005
101.04,13.2,12728.402875902742
47.21,130.68,586141.4621569691
180.02,149.59,45961.82418102371
77.39,15.57,25786.739278084373
109.17,85.35,71414.24267790138
181.39,230.48,69852.55966934556
125.22,49.76,31534.049577651836
24.26,165.24,2806761.173177082
188.03,72.41,20281.004655493718
125.91,13.52,8324.510946966642
67.65,79.95,174512.0530164041
28.72,293.0,3553253.9611647204
159.01,242.45,95687.10152187364
124.39,288.28,186097.9725703961
107.16,151.48,131714.7282163469
178.88,41.82,12869.961977201334
157.93,168.91,67519.99988949539
31.18,141.77,1457735.8279768643
63.03,254.86,641269.5286844706
50.45,38.44,150848.71265979376
149.05,151.59,68039.16584488713
7.67,53.51,9089364.63601284
114.41,104.16,79374.0064910501
152.73,223.83,95757.867369226
175.48,148.05,47879.20270997576
69.07,119.01,249226.2310214908
164.43,124.4,45809.8302016174
23.02,143.24,2703845.655206832
169.44,237.65,82574.04234608573
26.37,268.7,3863885.6669366057
80.06,287.05,447637.1083095225
159.66,238.2,93242.28487603634
30.83,101.47,1067087.7662312745
46.62,209.56,963945.9182568217
144.73,136.9,65160.04206278227
144.29,83.85,40078.216758890994
128.59,253.85,153324.76576514335
139.1,21.14,10728.287677173146
109.0,271.51,228316.28329615507
51.11,143.83,550438.8585240041
69.79,194.79,399683.20472586725
37.14,201.21,1458679.7672474452
181.78,269.58,81381.97372375916
117.09,194.63,141752.3915026641
80.77,188.04,288042.4189607981
92.94,29.33,33754.799934888106
189.51,160.34,44445.31623072157
31.52,53.55,538892.9535907836
117.66,223.86,161500.95844610297
101.67,158.54,153173.1587162543
122.68,207.27,137516.1735921039
4.6,22.09,10419216.563231483
174.55,34.59,11152.556458859197
186.49,217.73,62404.788851184734
113.46,30.9,23806.23509491316
139.63,30.66,15527.361148413833
184.58,13.51,3765.9320630508782
141.74,287.39,142846.37628844116
31.36,223.88,2276937.339317737
115.68,112.44,83824.34223696319
121.74,96.0,64575.3695949517
85.4,111.41,152557.80182244154
147.55,234.65,107577.25167903476
186.94,201.8,57545.17944027058
185.19,63.71,18376.286379994115
90.72,60.49,73305.21428723888
23.53,38.53,695540.3955858002
196.98,201.49,51726.55110961448
167.94,231.67,81939.8994784049
25.81,86.86,1303965.4807284488
184.25,16.07,4535.018048614754
174.11,33.83,10959.761186640168
104.25,290.68,267268.32808603666
118.66,95.68,67748.51541384502
80.4,233.07,360350.78399229574
11.9,191.15,13503835.783562887
67.7,120.76,263251.2126525484
160.77,69.65,26747.49872821199
1.92,45.2,122392144.89631976
67.37,188.35,414838.5646746874
80.24,234.64,364281.2500747028
107.94,196.73,168648.34740330634
184.05,163.79,48150.77532434183
69.92,22.17,45136.31375046058
70.04,290.86,592655.1632461562
147.76,241.63,110466.39142825169
90.99,94.92,114443.63713603855
45.7,294.19,1408656.4884884919
91.04,184.55,222480.72219297773
29.03,178.9,2122585.6440198473
36.1,226.94,1741104.3174969424
100.18,245.41,244355.62975252452
84.37,200.38,281323.82380763534
183.05,47.15,13870.22656261763
73.12,108.1,202002.5021111755
116.54,279.14,205341.92447175228
126.82,75.14,46517.87908915923
3.61,117.93,90701625.83770908
133.04,135.3,76238.99888407494
36.43,137.43,1035359.9028924396
192.25,187.75,50597.163222492796
30.58,283.49,3030587.9707184182
83.51,79.8,114227.03940751714
17.98,45.24,1398348.8351080618
199.38,67.27,16721.703873308965
100.94,267.21,262071.25273732143
119.48,197.29,137994.94944753058
14.35,92.91,4512955.98370113
150.24,246.62,109057.92057601002
42.77,259.8,1419941.1010539785
179.71,255.49,78906.91286335049
41.82,276.49,1580507.1140614804
38.95,83.15,547972.0532876747
8.27,228.96,33449895.21981464
94.94,143.56,159062.00274958918
113.4,254.18,197446.2679315479
14.08,221.26,11167087.868688798
155.33,235.17,97269.96596795044
91.2,200.29,240579.9339020486
105.35,61.45,55167.293699135706
88.71,168.06,213348.26084718644
80.75,295.55,453044.1625836744
112.37,281.84,223012.21056101582
31.89,22.52,221206.4340313328
37.2,57.8,417368.5590409154
172.5,48.2,15999.604946787513
189.28,220.53,61357.40664283385
75.29,247.16,435829.94268331985
54.88,71.92,238603.03003745538
129.16,156.7,93736.18085961483
82.34,253.8,374166.14811377105
6.05,222.51,60753538.862518385
32.07,167.25,1625523.9300284549
143.48,181.2,87821.07899954218
132.13,157.42,89977.21131601435
6.39,96.29,23565993.747908264
45.17,173.86,851806.9533319862
46.98,209.78,950097.2801056809
134.71,263.26,144881.74841438644
4.92,194.52,80282323.33137311
21.72,230.73,4891627.620094049
160.18,56.42,21788.953575546908
36.53,143.85,1077769.1614250636
130.9,12.71,7215.812615025871
48.4,81.54,347890.7698537589
20.79,220.67,5105914.749942357
49.39,297.62,1219825.5487900234
144.73,38.76,18304.544568706773
171.28,126.43,42895.31907945343
166.21,242.02,87402.88066196216
80.04,69.17,107771.93785207342
133.95,170.97,95091.2687846086
41.79,222.59,1274251.3450002377
59.34,188.64,535574.0941603164
179.37,64.53,19855.754906833296
3.59,113.06,87853367.3093506
18.02,237.3,7310698.647921477
42.37,170.73,950831.6462180812
6.28,11.52,2920030.858656357
37.11,230.69,1675296.788937397
117.03,20.24,14579.423209124114
84.86,226.26,313974.8530348863
178.64,68.72,21333.448160409313
163.67,287.84,107250.44617498165
69.02,116.7,244768.7187300601
52.63,104.81,378255.5316570836
76.56,53.18,90527.3207216802
118.47,98.63,70071.75461187324
54.34,264.23,894476.846201755
125.21,298.94,190491.73781392982
82.47,116.81,171534.05164509863
110.86,140.1,113798.67452016026
87.79,219.4,284479.22681043926
59.6,267.0,751479.3960172711
189.74,181.98,50347.83719991684
152.96,123.54,52604.91693445512
28.88,129.66,1554107.385126154
173.83,211.73,69873.81673399561
98.0,10.93,11184.383921786508
179.02,189.68,58988.92336698316
160.17,113.09,43882.557688646455
85.62,240.32,327638.49355076667
5.47,36.97,12348517.160952495
54.47,180.58,608499.2770598659
108.79,149.48,126113.45150396346
127.06,196.27,121371.32692509943
52.32,28.81,105038.96290612457
28.73,178.2,2158383.216263044
167.15,172.83,61658.857720129825
196.9,172.59,44318.98804357614
105.61,185.01,165670.50322788736
35.16,206.18,1667187.5133253993
55.19,243.45,799075.59384688
4.66,88.25,40642324.99503347
182.95,249.26,74276.08661166481
24.43,154.49,2587878.5005856757
115.73,32.35,23952.65901831449
55.54,26.98,87272.91015325289
111.28,106.93,86147.67033834929
130.63,237.62,139045.02728653484
166.12,215.23,77793.97933043505
42.08,238.7,1347963.8118116646
3.19,160.01,157419417.61664
28.24,137.66,1725891.287362503
180.1,52.76,16065.58237090319
174.9,105.18,34180.81160217064
119.89,135.87,94331.8953236302
120.5,35.69,24381.142291079115
133.34,73.98,41406.7295945133
35.9,183.49,1423568.7403836143
182.97,223.34,66514.5892656143
84.34,299.52,420921.8858291442
77.24,280.6,470079.681232597
104.26,196.34,180410.69888531676
10.35,132.16,12346257.10742107
34.09,194.49,1673341.680948399
147.87,237.84,108575.3689957192
17.48,44.32,1450724.0185665688
121.03,128.87,87781.93406178076
49.82,253.54,1021128.9035893183
78.47,121.31,196813.86045834058
58.45,175.84,514501.1689861204
71.78,180.45,350044.35261362063
144.09,63.5,30383.8619623582
60.13,115.05,318027.60734316363
113.71,107.01,82553.33154133192
95.73,17.6,19000.258396370617
133.07,17.02,9409.119192309798
187.43,251.19,71304.26171566054
146.78,89.19,41197.49572081899
43.77,160.24,836102.3737573728
7.21,96.63,18611771.16738014
53.19,282.8,999353.1486872502
119.42,85.2,59539.5134282625
11.23,134.6,10665714.53787165
99.78,263.09,264069.7173869194
119.77,254.16,176973.9361403154
67.51,63.97,140138.81362114978
154.41,242.77,101619.1389043604
22.21,142.87,2895391.6916913837
15.95,150.06,5896576.741727568
145.91,48.71,22679.335933775936
99.6,33.37,33441.17252908885
137.99,221.1,115914.15137977945
87.53,153.97,200767.77802313285
50.03,136.69,545803.8964105551
164.0,221.56,82174.222358712
160.08,232.0,90329.6987807797
139.24,56.08,28725.26736314968
55.16,186.97,614356.1584143004
118.46,49.25,34900.75738692645
72.83,227.9,429411.58754446433
19.22,200.52,5425128.69088716
183.55,287.42,85115.37601590526
28.23,30.0,376298.4232598746
190.1,26.55,7145.905824026575
89.76,91.83,113795.03826298611
